movie_id,year,genres,reviewer_num
0,1995,"Animation,Children's,Comedy",452
1,1995,"Action,Adventure,Thriller",131
2,1995,Thriller,90
3,1995,"Action,Comedy,Drama",209
4,1995,"Crime,Drama,Thriller",86
5,1995,Drama,26
6,1995,"Drama,Sci-Fi",392
7,1995,"Children's,Comedy,Drama",219
8,1995,Drama,299
9,1996,"Drama,War",89
10,1995,"Crime,Thriller",236
11,1995,"Crime,Thriller",267
12,1995,Comedy,184
13,1994,"Drama,Romance",183
14,1996,Drama,293
15,1995,"Comedy,Romance",39
16,1996,"Action,Comedy,Crime,Horror,Thriller",92
17,1995,Drama,10
18,1995,Drama,69
19,1995,"Drama,Romance",72
20,1996,"Action,Adventure,Comedy,Musical,Thriller",84
21,1996,"Action,Drama,War",297
22,1996,"Drama,Thriller",182
23,1996,"Action,Adventure,Crime",174
24,1996,Comedy,293
25,1995,Comedy,73
26,1995,Action,57
27,1995,"Action,Drama,Thriller",276
28,1995,"Action,Adventure,Comedy,Crime",114
29,1967,Drama,37
30,1995,"Drama,Thriller,War",154
31,1994,Documentary,81
32,1995,"Action,Romance,Thriller",97
33,1995,"Comedy,Drama",7
34,1995,"Adventure,Children's,Drama",11
35,1995,"Drama,Romance",13
36,1994,Drama,8
37,1995,"Sci-Fi,Thriller",120
38,1995,"Action,Crime,Sci-Fi",87
39,1995,Comedy,57
40,1995,Comedy,37
41,1994,Comedy,148
42,1994,"Drama,Thriller",40
43,1994,"Drama,Thriller",79
44,1994,"Comedy,Drama",80
45,1994,Drama,27
46,1994,"Comedy,Drama",133
47,1994,Documentary,117
48,1994,"Comedy,Romance",81
49,1977,"Action,Adventure,Romance,Sci-Fi,War",583
50,1994,"Drama,Romance,War,Western",81
51,1994,Drama,91
52,1994,"Action,Thriller",128
53,1995,"Action,Drama,Thriller",104
54,1994,"Crime,Drama,Romance,Thriller",149
55,1994,"Crime,Drama",394
56,1994,Drama,40
57,1994,Drama,175
58,1994,Drama,83
59,1993,Drama,64
60,1994,Drama,59
61,1994,"Action,Adventure,Sci-Fi",127
62,1994,"Children's,Comedy",82
63,1994,Drama,283
64,1993,"Comedy,Drama",115
65,1995,"Comedy,Romance",162
66,1994,Comedy,103
67,1994,"Action,Romance,Thriller",134
68,1994,"Comedy,Romance,War",321
69,1994,"Comedy,Romance",251
70,1994,"Animation,Children's,Musical",220
71,1994,"Comedy,Crime,Fantasy",129
72,1994,"Action,Comedy,Western",128
73,1965,"Action,Comedy,Drama",7
74,1994,Documentary,5
75,1993,"Crime,Drama",54
76,1993,"Drama,Thriller",151
77,1993,"Adventure,Children's,Drama",33
78,1993,"Action,Thriller",336
79,1993,"Action,Comedy,War",68
80,1994,"Comedy,Romance",110
81,1993,"Action,Adventure,Sci-Fi",261
82,1993,"Comedy,Romance",176
83,1994,"Horror,Sci-Fi",18
84,1994,Comedy,58
85,1993,Drama,150
86,1993,Drama,138
87,1993,"Comedy,Romance",213
88,1982,"Film-Noir,Sci-Fi",275
89,1993,"Comedy,Romance,Thriller",95
90,1993,"Children's,Comedy,Musical",143
91,1993,"Action,Crime,Romance",104
92,1996,"Comedy,Drama",112
93,1990,"Children's,Comedy",137
94,1992,"Animation,Children's,Comedy,Musical",219
95,1991,"Action,Sci-Fi,Thriller",295
96,1990,"Adventure,Drama,Western",256
97,1991,"Drama,Thriller",390
98,1937,"Animation,Children's,Musical",172
99,1997,"Crime,Drama,Thriller",508
100,1981,"Action,Adventure,Animation,Horror,Sci-Fi",73
101,1970,"Animation,Children's",54
102,1996,"Animation,Children's,Musical",15
103,1996,Comedy,5
104,1996,Comedy,74
105,1996,"Drama,Thriller",71
106,1996,Drama,42
107,1996,Comedy,65
108,1996,"Comedy,Sci-Fi",130
109,1995,"Action,Adventure,Comedy,War",31
110,1996,"Comedy,Romance",272
111,1996,"Adventure,Children's",20
112,1996,Drama,9
113,1996,Animation,67
114,1996,Documentary,15
115,1996,Comedy,125
116,1996,"Action,Adventure,Thriller",378
117,1996,"Action,Adventure,Thriller",293
118,1994,Documentary,4
119,1996,"Comedy,Crime",67
120,1996,"Action,Sci-Fi,War",429
121,1996,Comedy,106
122,1996,"Comedy,Horror",115
123,1996,"Drama,Mystery",187
124,1996,"Drama,Romance",244
125,1996,Drama,97
126,1972,"Action,Crime,Drama",413
127,1996,"Action,Thriller",65
128,1996,"Crime,Drama,Romance,Thriller",129
129,1996,Crime,23
130,1961,"Drama,Romance",95
131,1939,"Adventure,Children's,Drama,Musical",246
132,1939,"Drama,Romance,War",171
133,1941,Drama,198
134,1968,"Drama,Mystery,Sci-Fi,Thriller",259
135,1939,Drama,105
136,1996,Drama,171
137,1996,"Children's,Comedy",19
138,1969,"Children's,Comedy",50
139,1993,"Adventure,Children's",61
140,1954,"Adventure,Children's,Fantasy,Sci-Fi",72
141,1971,"Adventure,Children's,Musical",57
142,1965,Musical,222
143,1988,"Action,Thriller",243
144,1992,"Action,Sci-Fi,Thriller",65
145,1996,Drama,10
146,1996,"Action,Thriller",185
147,1996,"Action,Adventure",128
148,1996,Drama,23
149,1996,"Comedy,Drama",157
150,1971,"Adventure,Children's,Comedy",326
151,1973,"Comedy,Sci-Fi",82
152,1988,Comedy,247
153,1979,Comedy,174
154,1987,"Musical,Romance",98
155,1992,"Crime,Thriller",148
156,1986,"Drama,War",127
157,1989,Comedy,60
158,1992,"Mystery,Thriller",101
159,1992,Drama,69
160,1986,"Action,Romance",220
161,1981,Drama,106
162,1974,Comedy,92
163,1989,"Action,Adventure,Sci-Fi,Thriller",151
164,1986,Drama,64
165,1986,Drama,58
166,1980,Comedy,67
167,1974,Comedy,316
168,1993,"Animation,Comedy",118
169,1988,"Comedy,Drama,Romance",121
170,1991,"Comedy,Sci-Fi",65
171,1980,"Action,Adventure,Drama,Romance,Sci-Fi,War",367
172,1987,"Action,Adventure,Comedy,Romance",324
173,1981,"Action,Adventure",420
174,1985,Sci-Fi,208
175,1986,"Action,Sci-Fi,Thriller,War",284
176,1966,"Action,Western",137
177,1957,Drama,125
178,1971,Sci-Fi,221
179,1979,"Drama,War",221
180,1997,"Action,Adventure,Romance,Sci-Fi,War",507
181,1990,"Crime,Drama",226
182,1979,"Action,Horror,Sci-Fi,Thriller",291
183,1993,"Action,Adventure,Comedy,Horror,Sci-Fi",116
184,1960,"Horror,Romance,Thriller",239
185,1980,"Action,Comedy,Musical",251
186,1974,"Action,Crime,Drama",209
187,1987,"Action,Drama,War",170
188,1992,"Animation,Comedy",66
189,1989,"Drama,War",124
190,1984,"Drama,Mystery",276
191,1980,Drama,116
192,1983,Drama,157
193,1973,"Comedy,Crime",241
194,1984,"Action,Sci-Fi,Thriller",301
195,1989,Drama,251
196,1967,"Drama,Romance",239
197,1990,Thriller,127
198,1957,"Drama,War",165
199,1980,Horror,206
200,1987,"Action,Adventure,Comedy,Horror",89
201,1993,"Comedy,Romance",280
202,1992,Western,182
203,1985,"Comedy,Sci-Fi",350
204,1970,"Drama,War",136
205,1988,"Adventure,Animation,Sci-Fi,Thriller",50
206,1990,"Action,Drama,Romance",66
207,1974,"Comedy,Horror",200
208,1984,"Comedy,Drama,Musical",191
209,1989,"Action,Adventure",331
210,1970,"Comedy,War",206
211,1988,Drama,92
212,1986,"Drama,Romance",134
213,1982,"Drama,Musical,War",114
214,1989,Drama,212
215,1989,"Comedy,Romance",290
216,1992,"Horror,Romance",120
217,1991,Thriller,171
218,1984,Horror,111
219,1996,"Comedy,Romance",66
220,1996,Drama,74
221,1996,"Action,Adventure,Sci-Fi",365
222,1996,"Drama,Thriller",136
223,1996,Drama,44
224,1996,"Children's,Comedy",109
225,1990,"Action,Thriller",166
226,1991,"Action,Adventure,Sci-Fi",161
227,1982,"Action,Adventure,Sci-Fi",244
228,1984,"Action,Adventure,Sci-Fi",171
229,1986,"Action,Adventure,Sci-Fi",199
230,1992,"Action,Adventure,Comedy,Crime",142
231,1988,"Action,Comedy,Western",101
232,1992,Action,124
233,1975,"Action,Horror",280
234,1996,"Action,Comedy,Sci-Fi,War",217
235,1996,"Comedy,Drama",45
236,1996,"Drama,Romance",384
237,1987,Comedy,256
238,1992,"Crime,Drama,Sci-Fi",150
239,1996,"Animation,Comedy",156
240,1992,"Action,Romance,War",128
241,1997,Comedy,117
242,1997,"Children's,Comedy",132
243,1997,"Action,Drama,Thriller",48
244,1997,"Action,Drama,Thriller,War",240
245,1997,"Drama,Romance",124
246,1997,"Action,Adventure,Children's",5
247,1997,"Comedy,Crime",160
248,1997,Comedy,130
249,1997,"Action,Sci-Fi",197
250,1997,Comedy,46
251,1997,"Action,Adventure,Sci-Fi,Thriller",158
252,1997,"Drama,Romance",26
253,1997,"Action,Adventure,Crime",62
254,1997,"Comedy,Romance",172
255,1997,"Comedy,Romance",16
256,1997,"Action,Adventure,Comedy,Sci-Fi",303
257,1997,"Drama,Sci-Fi",509
258,1997,"Children's,Comedy",162
259,1997,"Action,Mystery,Sci-Fi,Thriller",127
260,1997,"Children's,Comedy",43
261,1997,Drama,66
262,1997,Action,19
263,1997,"Sci-Fi,Thriller",101
264,1990,"Action,Thriller",227
265,1997,"Action,Adventure",35
266,0,unknown,9
267,1997,"Drama,Romance",255
268,1997,Comedy,315
269,1997,"Drama,Sci-Fi,Thriller",136
270,1997,"Action,Adventure,Sci-Fi,War",211
271,1997,Drama,198
272,1995,"Action,Crime,Thriller",223
273,1995,"Comedy,Romance",190
274,1995,"Drama,Romance",268
275,1995,"Drama,Romance",298
276,1995,Drama,71
277,1996,"Drama,Romance",60
278,1995,Drama,28
279,1996,"Drama,Romance",85
280,1994,"Action,Thriller",146
281,1996,Drama,232
282,1996,"Drama,Romance",177
283,1996,"Comedy,Romance",193
284,1996,Drama,162
285,1996,"Drama,Romance,War",481
286,1996,Drama,78
287,1996,"Horror,Thriller",478
288,1996,"Drama,Musical",259
289,1997,Comedy,96
290,1997,"Mystery,Thriller",127
291,1997,Drama,114
292,1997,"Crime,Drama",147
293,1997,Comedy,485
294,1997,"Action,Thriller",77
295,1997,Drama,6
296,1997,Drama,50
297,1997,"Action,Sci-Fi,Thriller",194
298,1997,"Crime,Drama,Film-Noir",73
299,1997,"Action,Thriller",431
300,1997,Comedy,230
301,1997,"Crime,Film-Noir,Mystery,Thriller",297
302,1997,Drama,134
303,1996,"Adventure,Children's",149
304,1997,Drama,87
305,1997,"Drama,Romance",96
306,1997,"Crime,Horror,Mystery,Thriller",188
307,1997,"Children's,Drama,Fantasy",30
308,1997,Crime,28
309,1997,Drama,145
310,1997,"Drama,Romance,Thriller",75
311,1997,"Comedy,Crime,Drama,Mystery",80
312,1997,"Action,Drama,Romance",350
313,1997,"Action,Children's",5
314,1998,"Drama,Thriller",160
315,1997,"Comedy,Drama",112
316,1993,Drama,102
317,1993,"Drama,War",298
318,1996,"Comedy,Musical,Romance",168
319,1996,Documentary,20
320,1996,Comedy,169
321,1997,"Mystery,Thriller",218
322,1997,"Action,Thriller",240
323,1997,Mystery,125
324,1997,"Drama,Thriller",128
325,1997,"Action,Drama,War",175
326,1997,"Crime,Drama,Mystery",175
327,1997,"Action,Mystery,Romance,Thriller",295
328,1998,"Crime,Drama,Thriller",45
329,1997,Drama,41
330,1997,"Adventure,Thriller",113
331,1997,"Crime,Drama,Thriller",143
332,1997,"Mystery,Thriller",251
333,1997,"Action,Crime,Mystery",64
334,1997,Comedy,21
335,1997,"Crime,Thriller",43
336,1997,"Comedy,Drama,Thriller",18
337,1997,Comedy,91
338,1997,"Action,Drama",47
339,1997,Drama,189
340,1997,Comedy,11
341,1997,"Comedy,Mystery",52
342,1997,"Action,Horror,Sci-Fi",124
343,1997,Drama,55
344,1997,"Comedy,Drama",65
345,1997,"Crime,Drama",126
346,1998,"Comedy,Drama",137
347,1998,"Crime,Drama,Thriller",27
348,1998,"Action,Thriller",31
349,1998,"Action,Mystery,Thriller",41
350,1998,Horror,20
351,1997,"Comedy,Musical",26
352,1998,"Action,Horror,Sci-Fi",14
353,1998,"Comedy,Romance",72
354,1998,"Adventure,Sci-Fi,Thriller",41
355,1994,"Drama,Mystery,Thriller",97
356,1975,Drama,264
357,1997,"Action,Adventure,Sci-Fi,Thriller",143
358,1997,Thriller,18
359,1997,Documentary,10
360,1997,"Crime,Thriller",10
361,1998,"Action,Comedy,Musical",28
362,1995,Action,47
363,1995,Comedy,37
364,1995,Drama,48
365,1995,Drama,47
366,1995,Comedy,170
367,1996,Comedy,31
368,1996,Comedy,55
369,1996,"Drama,Thriller",39
370,1996,"Drama,Romance",67
371,1995,Comedy,34
372,1995,"Action,Adventure,Sci-Fi",39
373,1995,"Action,Children's",11
374,1995,Drama,23
375,1994,Comedy,24
376,1994,"Children's,Comedy",13
377,1994,Drama,101
378,1995,Horror,43
379,1994,"Action,Adventure,Sci-Fi",116
380,1994,"Comedy,Romance",100
381,1994,"Comedy,Drama",111
382,1994,"Children's,Comedy",31
383,1994,Comedy,69
384,1994,"Action,Adventure,Comedy,Romance",208
385,1993,Comedy,87
386,1993,Drama,65
387,1994,"Action,Comedy",28
388,1994,"Adventure,Children's",27
389,1993,Comedy,10
390,1993,"Action,Comedy",59
391,1993,Drama,68
392,1993,Comedy,192
393,1994,"Comedy,Mystery,Romance",12
394,1993,Comedy,56
395,1994,"Comedy,Crime,Horror",54
396,1993,Action,12
397,1993,"Action,Adventure,Children's,Sci-Fi",26
398,1993,"Action,Adventure,Comedy",89
399,1994,"Children's,Comedy",18
400,1995,Comedy,76
401,1990,"Comedy,Romance,Thriller",170
402,1989,"Action,Adventure,Crime,Drama",201
403,1940,"Animation,Children's",101
404,1996,"Action,Adventure,Mystery",344
405,1996,"Horror,Thriller",49
406,1996,Comedy,43
407,1996,"Animation,Comedy,Thriller",112
408,1996,"Comedy,Drama",70
409,1996,Comedy,162
410,1996,"Comedy,Fantasy,Romance,Sci-Fi",163
411,1996,Comedy,93
412,1996,Horror,55
413,1982,Comedy,62
414,1975,"Children's,Comedy,Western",25
415,1957,"Children's,Drama",64
416,1961,"Children's,Drama",73
417,1950,"Animation,Children's,Musical",129
418,1964,"Children's,Comedy,Musical",178
419,1951,"Animation,Children's,Musical",81
420,1996,"Drama,Romance",106
421,1996,"Animation,Children's,Comedy",26
422,1982,"Children's,Drama,Fantasy,Sci-Fi",300
423,1996,Horror,19
424,1992,Comedy,85
425,1986,"Action,Animation,Children's,Sci-Fi,Thriller,War",32
426,1962,Drama,219
427,1971,Comedy,121
428,1951,"Drama,Sci-Fi",97
429,1933,"Comedy,War",93
430,1986,"Action,Adventure",153
431,1940,"Animation,Children's,Musical",174
432,1989,Comedy,171
433,1956,Sci-Fi,67
434,1969,"Action,Comedy,Western",216
435,1981,Horror,99
436,1992,Horror,5
437,1983,Horror,6
438,1993,Horror,5
439,1982,Horror,14
440,1979,Horror,53
441,1990,Horror,4
442,1963,Horror,162
443,1958,"Horror,Sci-Fi",46
444,1945,Horror,22
445,1976,Horror,9
446,1976,Horror,121
447,1976,Horror,85
448,1979,"Action,Adventure,Sci-Fi",117
449,1989,"Action,Adventure,Sci-Fi",63
450,1978,"Comedy,Musical,Romance",170
451,1978,"Action,Horror",66
452,1983,"Action,Horror",16
453,1996,Drama,16
454,1997,Action,145
455,1997,"Action,Comedy",48
456,1997,"Adventure,Children's,Drama",27
457,1995,Drama,90
458,1995,Drama,24
459,1995,Drama,28
460,1995,Drama,74
461,1992,"Drama,Romance",148
462,1994,Adventure,71
463,1994,Drama,27
464,1994,"Adventure,Children's,Romance",85
465,1992,Thriller,52
466,1993,Drama,48
467,1993,Drama,64
468,1993,Drama,67
469,1993,Western,108
470,1996,"Drama,War",221
471,1996,"Action,Adventure,Fantasy",158
472,1996,"Animation,Children's,Musical",126
473,1963,"Sci-Fi,War",194
474,1996,Drama,250
475,1996,Comedy,160
476,1996,"Children's,Comedy",95
477,1940,"Comedy,Romance",104
478,1958,"Mystery,Thriller",179
479,1959,"Comedy,Thriller",179
480,1960,"Comedy,Drama",63
481,1959,"Comedy,Crime",128
482,1942,"Drama,Romance,War",243
483,1941,"Film-Noir,Mystery",138
484,1964,"Musical,Romance",125
485,1954,"Comedy,Romance",64
486,1953,"Comedy,Romance",68
487,1950,Film-Noir,65
488,1946,"Film-Noir,Romance,Thriller",52
489,1955,"Comedy,Romance,Thriller",50
490,1938,"Action,Adventure",67
491,1955,Drama,59
492,1934,Mystery,60
493,1940,Comedy,56
494,1956,"Adventure,Comedy",59
495,1946,Drama,231
496,1938,Comedy,68
497,1951,"Action,Adventure,Romance,War",152
498,1958,Drama,62
499,1996,"Adventure,Children's",31
500,1941,"Animation,Children's,Musical",123
501,1971,"Comedy,War",57
502,1972,Drama,39
503,1967,"Crime,Drama",122
504,1954,"Mystery,Thriller",68
505,1955,Drama,90
506,1951,Drama,98
507,1996,Drama,215
508,1989,Drama,121
509,1954,"Action,Drama,Western",121
510,1962,"Adventure,War",173
511,1987,"Comedy,Drama,Romance",57
512,1949,"Mystery,Thriller",72
513,1977,"Comedy,Romance",180
514,1997,"Action,Drama,War",201
515,1983,Comedy,63
516,1979,"Comedy,Drama,Romance",91
517,1990,Drama,89
518,1948,Adventure,80
519,1963,"Adventure,War",124
520,1978,"Drama,War",120
521,1986,"Comedy,Drama",35
522,1967,"Comedy,Drama",164
523,1940,Comedy,46
524,1946,"Film-Noir,Mystery",73
525,1959,"Action,Adventure,Drama",124
526,1982,Drama,195
527,1984,"Drama,War",121
528,1985,Drama,93
529,1975,Adventure,80
530,1996,"Drama,Romance",129
531,1997,Romance,22
532,1997,Mystery,15
533,1997,Drama,13
534,1997,"Comedy,Romance",54
535,1997,Drama,10
536,1991,Drama,30
537,1997,"Animation,Children's,Musical",66
538,1997,"Children's,Comedy",44
539,1995,Action,43
540,1995,"Action,Adventure",49
541,1995,"Animation,Children's,Musical,Romance",51
542,1995,"Drama,Musical",21
543,1996,"Crime,Drama,Romance",71
544,1995,"Comedy,Romance",12
545,1996,"Action,Thriller",254
546,1996,Crime,41
547,1996,"Children's,Fantasy",12
548,1995,"Drama,Romance,War",92
549,1995,"Action,Thriller",151
550,1995,Horror,24
551,1995,Sci-Fi,45
552,1995,"Drama,Romance",63
553,1995,"Action,Adventure",102
554,1995,Drama,10
555,1995,Western,12
556,1994,"Drama,Musical",17
557,1994,"Drama,Fantasy,Thriller",70
558,1994,"Drama,Horror",137
559,1995,"Adventure,Children's,Comedy,Fantasy,Romance,Sci-Fi",22
560,1994,"Drama,Horror",59
561,1995,"Action,Adventure,Western",48
562,1995,Horror,29
563,1995,"Comedy,Horror",27
564,1995,"Horror,Thriller",22
565,1994,"Action,Adventure,Thriller",179
566,1994,Horror,35
567,1994,"Action,Romance,Thriller",230
568,1994,"Drama,Horror",67
569,1994,Western,50
570,1993,"Comedy,Thriller",28
571,1994,"Action,Thriller",29
572,1993,"Horror,Sci-Fi,Thriller",33
573,1993,"Mystery,Romance,Thriller",15
574,1994,"Comedy,Western",44
575,1993,"Action,Adventure,Crime",93
576,1993,"Comedy,Sci-Fi",41
577,1993,"Action,Sci-Fi",92
578,1993,Comedy,19
579,1995,"Comedy,Romance",32
580,1993,"Drama,Thriller",59
581,1993,"Drama,Romance",168
582,1993,"Crime,Thriller",37
583,1993,"Children's,Drama",79
584,1993,Comedy,39
585,1994,Action,34
586,1993,"Drama,Mystery",14
587,1991,"Animation,Children's,Musical",202
588,1969,Western,43
589,1996,"Action,Horror,Sci-Fi",18
590,1996,"Drama,Thriller",178
591,1995,"Mystery,Thriller",9
592,1993,War,12
593,1996,"Drama,Romance",5
594,1996,Thriller,64
595,1996,"Animation,Children's,Musical",127
596,1996,"Action,Thriller",206
597,1996,"Comedy,Drama",4
598,1996,Action,1
599,1996,Children's,2
600,1943,"Adventure,War",20
601,1951,"Musical,Romance",50
602,1954,"Mystery,Thriller",209
603,1934,Comedy,81
604,1944,Musical,31
605,1950,Drama,66
606,1940,"Romance,Thriller",66
607,1945,"Mystery,Romance,Thriller",30
608,1950,Comedy,60
609,1958,Musical,41
610,1944,"Crime,Film-Noir,Mystery",40
611,1937,Drama,34
612,1936,Comedy,27
613,1956,Drama,51
614,1935,Thriller,59
615,1968,"Horror,Sci-Fi",64
616,1930,Drama,18
617,1955,Drama,18
618,1996,"Drama,Thriller",64
619,1996,Drama,43
620,1955,Western,11
621,1960,"Adventure,Children's",39
622,1994,"Children's,Comedy",39
623,1945,"Animation,Children's,Musical",22
624,1963,"Animation,Children's",82
625,1949,"Children's,Drama",4
626,1991,Drama,75
627,1996,"Crime,Drama",169
628,1982,"Comedy,Musical",77
629,1965,"Comedy,Musical",31
630,1992,"Action,Drama,Romance,War",119
631,1982,Drama,58
632,1938,Drama,69
633,1996,Documentary,24
634,1980,Horror,23
635,1981,"Action,Adventure,Sci-Fi,Thriller",91
636,1981,"Comedy,Horror",38
637,1982,Drama,44
638,1979,Drama,40
639,1989,Drama,82
640,1957,"Drama,War",33
641,1990,"Crime,Drama,Film-Noir",89
642,1994,"Drama,Romance",4
643,1988,Documentary,35
644,1990,Documentary,27
645,1969,Western,38
646,1985,"Drama,War",70
647,1952,"Comedy,Romance",67
648,1984,"Crime,Drama,Thriller",50
649,1957,Drama,72
650,1989,"Action,Drama,War",171
651,1990,"Comedy,Drama",90
652,1958,"Crime,Film-Noir,Thriller",34
653,1974,"Film-Noir,Mystery,Thriller",147
654,1986,"Adventure,Comedy,Drama",227
655,1931,"Crime,Film-Noir,Thriller",44
656,1962,"Film-Noir,Thriller",131
657,1990,Drama,79
658,1944,"Comedy,Mystery,Thriller",115
659,1991,Drama,153
660,1952,Western,88
661,1980,"Drama,Romance",82
662,1979,Comedy,116
663,1984,Drama,46
664,1992,"Action,Horror,Sci-Fi,Thriller",100
665,1974,Horror,5
666,1977,Horror,12
667,1981,"Action,Horror",6
668,1991,Horror,13
669,1993,"Horror,Sci-Fi,Thriller",36
670,1935,Horror,46
671,1992,Horror,65
672,1962,"Film-Noir,Thriller",86
673,1982,Horror,48
674,1922,Horror,54
675,1996,Drama,77
676,1997,Documentary,1
677,1997,"Drama,Thriller",219
678,1981,"Action,Adventure",107
679,1997,"Action,Adventure",34
680,1997,Horror,27
681,1997,"Horror,Mystery,Thriller",100
682,1997,Comedy,49
683,1993,"Action,Thriller",169
684,1996,"Action,Thriller",157
685,1993,"Action,Drama",50
686,1997,"Comedy,War",69
687,1997,Comedy,44
688,1997,"Action,Thriller",87
689,1997,"Drama,War",155
690,1998,"Film-Noir,Sci-Fi,Thriller",16
691,1995,"Comedy,Drama,Romance",164
692,1995,Drama,91
693,1995,Romance,44
694,1995,"Comedy,Drama",13
695,1996,"Drama,Thriller",79
696,1995,Drama,40
697,1994,Drama,10
698,1994,Drama,102
699,1995,Comedy,15
700,1993,Documentary,10
701,1994,"Comedy,Romance",53
702,1994,Drama,19
703,1993,"Drama,Romance",24
704,1952,"Musical,Romance",137
705,1996,Horror,6
706,1991,Drama,70
707,1989,Drama,101
708,1992,"Comedy,Romance",104
709,1985,Comedy,79
710,1996,Drama,1
711,1987,"Comedy,Drama",51
712,1995,Drama,72
713,1995,"Drama,Romance",13
714,1995,"Comedy,Drama",87
715,1995,"Drama,Romance",58
716,1996,"Drama,Thriller",82
717,1996,Comedy,16
718,1994,"Comedy,War",29
719,1995,"Action,Adventure,Drama,Romance",86
720,1995,Comedy,54
721,1995,Comedy,58
722,1995,"Comedy,Drama",34
723,1995,"Drama,Romance",76
724,1994,Comedy,16
725,1995,"Children's,Drama",14
726,1994,"Drama,Romance",63
727,1994,"Comedy,Sci-Fi",45
728,1994,Drama,81
729,1996,"Drama,Romance",24
730,1994,"Comedy,Drama,Romance",39
731,1993,"Comedy,Romance",180
732,1994,"Drama,Romance",15
733,1993,Comedy,27
734,1993,Drama,137
735,1993,"Drama,Romance",78
736,1994,"Comedy,Drama",59
737,1994,"Comedy,Romance",31
738,1990,"Comedy,Romance",164
739,1996,"Drama,Romance",63
740,1996,"Drama,Thriller",58
741,1996,"Drama,Thriller",267
742,1996,"Action,Thriller",39
743,1996,"Drama,War",92
744,1972,Comedy,16
745,1985,Comedy,119
746,1993,"Comedy,Romance",102
747,1997,"Action,Romance,Thriller",316
748,1997,"Comedy,Romance",51
749,1997,Drama,124
750,1997,"Action,Romance,Thriller",180
751,1998,"Action,Thriller",39
752,1994,Drama,24
753,1997,"Crime,Thriller",57
754,1995,"Action,Adventure,Children's,Fantasy,Sci-Fi",96
755,1995,Comedy,128
756,1995,Documentary,4
757,1996,"Sci-Fi,Thriller",21
758,1995,Action,11
759,1995,Sci-Fi,46
760,1995,"Action,Thriller",44
761,1996,Drama,115
762,1996,Comedy,149
763,1996,"Comedy,Romance",29
764,1992,"Comedy,Romance",32
765,1996,Documentary,9
766,1995,Horror,11
767,1995,"Adventure,Children's",52
768,1995,"Action,Adventure,Mystery,Sci-Fi",42
769,1995,"Crime,Film-Noir,Mystery,Thriller",57
770,1995,"Action,Sci-Fi,Thriller",41
771,1995,Drama,49
772,1994,Thriller,17
773,1995,Horror,32
774,1995,"Comedy,Drama,Romance",26
775,1995,Drama,9
776,1995,Horror,4
777,1995,"Comedy,Drama,Romance",76
778,1994,Action,31
779,1994,Comedy,69
780,1995,"Comedy,Romance",84
781,1994,Drama,10
782,1994,"Comedy,Romance",37
783,1993,"Drama,Horror",2
784,1994,"Comedy,Romance",39
785,1995,"Comedy,Romance",14
786,1995,"Comedy,Drama",13
787,1994,"Horror,Thriller",3
788,1995,"Comedy,Drama",47
789,1995,Comedy,66
790,1995,Children's,10
791,1994,Comedy,86
792,1994,Comedy,10
793,1994,"Drama,Romance",46
794,1994,"Children's,Comedy",21
795,1994,"Comedy,Romance",36
796,1994,"Action,Sci-Fi",31
797,1995,Action,9
798,1995,Drama,5
799,1995,"Horror,Thriller",26
800,1994,Comedy,16
801,1993,"Action,Adventure,Crime,Thriller",40
802,1993,"Action,Drama,War",9
803,1994,Comedy,8
804,1993,"Comedy,Mystery",27
805,1993,"Action,Crime,Drama",50
806,1993,Drama,9
807,1993,"Action,Drama",31
808,1993,"Action,Drama,Mystery",43
809,1994,Action,45
810,1993,Documentary,18
811,1994,"Adventure,Children's",18
812,1996,Documentary,56
813,1994,Documentary,1
814,1996,"Drama,Romance",112
815,1995,Horror,21
816,1996,Drama,3
817,1996,Comedy,25
818,1996,Comedy,40
819,1996,"Adventure,Animation,Children's,Comedy,Fantasy",93
820,1996,"Comedy,Romance",22
821,1968,Drama,4
822,1996,"Crime,Film-Noir,Thriller",82
823,1996,Comedy,49
824,1996,"Action,Sci-Fi,Thriller",83
825,1996,Adventure,80
826,1996,"Action,Adventure,Thriller",57
827,1996,"Adventure,Children's",13
828,1996,"Action,Adventure",34
829,1996,"Action,Mystery,Thriller",1
830,1996,"Action,Adventure,Sci-Fi,Thriller",91
831,1996,"Children's,Drama,Fantasy",22
832,1996,Action,49
833,1995,"Horror,Thriller",25
834,1934,"Comedy,Musical,Romance",15
835,1939,"Comedy,Romance",26
836,1941,Drama,25
837,1996,Action,4
838,1995,"Horror,Thriller",4
839,1996,"Action,Drama,Western",53
840,1996,"Action,Thriller",48
841,1960,"Children's,Comedy,Drama",27
842,1959,"Children's,Comedy",30
843,1996,Crime,42
844,1996,Comedy,176
845,1996,"Drama,Romance",44
846,1996,"Documentary,Drama",55
847,1944,"Film-Noir,Thriller",9
848,1990,"Action,Romance",53
849,1996,Documentary,4
850,1966,Drama,4
851,1996,"Drama,Thriller",1
852,1992,"Comedy,Horror",14
853,1987,"Comedy,Horror",16
854,1981,"Action,Drama,Mystery,Romance,Thriller",66
855,1991,"Comedy,Drama",36
856,1996,Documentary,1
857,1996,Horror,3
858,1986,"Comedy,Horror",15
859,1987,"Horror,Thriller",16
860,1986,Horror,3
861,1996,"Adventure,Children's,Comedy",18
862,1996,Drama,24
863,1996,Comedy,86
864,1997,Drama,21
865,1996,"Comedy,Romance",119
866,1996,Drama,6
867,1997,Drama,5
868,1997,"Comedy,Romance",24
869,1997,Romance,9
870,1997,Comedy,75
871,1997,Romance,42
872,1997,"Comedy,Romance",81
873,1997,Drama,39
874,1997,"Drama,Romance",53
875,1997,"Action,Comedy",47
876,1997,"Adventure,Romance",52
877,1997,"Children's,Comedy,Mystery",33
878,1997,"Action,Thriller,War",136
879,1997,Drama,59
880,1997,"Action,Comedy",45
881,1997,Drama,34
882,1997,Drama,13
883,1997,Documentary,7
884,1998,Horror,13
885,1997,"Romance,Thriller",53
886,1997,Drama,64
887,1997,Drama,15
888,1997,Romance,13
889,1997,"Action,Adventure",43
890,1997,"Drama,War",6
891,1997,"Children's,Comedy,Fantasy",53
892,1997,Comedy,14
893,1997,"Children's,Comedy",19
894,1997,"Horror,Thriller",106
895,1997,Drama,44
896,1995,"Action,Adventure,Sci-Fi",2
897,1997,Drama,58
898,1997,Drama,9
899,1997,Drama,42
900,1997,Comedy,12
901,1997,"Comedy,Crime,Mystery,Thriller",42
902,1997,"Drama,Romance",18
903,1997,"Comedy,Drama",20
904,1998,"Drama,Romance",27
905,1997,"Drama,Romance",21
906,1997,Comedy,2
907,1998,Comedy,20
908,1998,Drama,13
909,1998,Drama,4
910,1998,"Crime,Drama",4
911,1998,"Action,Thriller",9
912,1998,Comedy,2
913,1998,"Crime,Drama,Mystery,Thriller",11
914,1998,Drama,13
915,1998,"Action,Sci-Fi,Thriller",18
916,1998,"Action,Drama,Thriller",7
917,1998,Romance,8
918,1995,"Adventure,Sci-Fi",96
919,1995,Drama,5
920,1993,"Drama,Romance",46
921,1996,Western,34
922,1991,Drama,58
923,1996,"Adventure,Drama",85
924,1996,"Sci-Fi,Thriller",34
925,1996,Comedy,101
926,1996,Drama,6
927,1996,"Drama,Horror",104
928,1996,"Children's,Comedy",40
929,1996,"Action,Adventure,Thriller",80
930,1996,"Sci-Fi,Thriller",57
931,1996,"Children's,Comedy",40
932,1996,Drama,21
933,1996,Drama,68
934,1997,"Drama,War",7
935,1997,"Comedy,Drama,Romance",32
936,1997,Drama,37
937,1997,"Comedy,Romance",25
938,1995,"Drama,Thriller",60
939,1994,Comedy,32
940,1994,"Comedy,Drama",46
941,1993,Drama,45
942,1994,Thriller,40
943,1994,"Comedy,Drama,War",43
944,1963,"Comedy,Mystery,Romance,Thriller",40
945,1981,"Animation,Children's",61
946,1988,"Adventure,Romance",17
947,1997,"Comedy,Romance",48
948,1995,"Drama,Romance",71
949,1995,Drama,30
950,1995,"Adventure,Children's,Fantasy",39
951,1995,Comedy,45
952,1995,"Comedy,Drama",22
953,1995,Documentary,11
954,1995,"Drama,Romance",49
955,1994,Drama,46
956,1992,Comedy,2
957,1994,Drama,14
958,1993,Comedy,64
959,1993,Drama,25
960,1993,Drama,34
961,1993,Drama,23
962,1993,"Drama,Thriller",41
963,1995,"Comedy,Drama",9
964,1957,"Comedy,Musical",21
965,1957,Romance,26
966,1936,Drama,12
967,1949,Musical,18
968,1968,"Animation,Children's",75
969,1991,Comedy,8
970,1991,"Comedy,War",34
971,1992,Drama,28
972,1996,Documentary,4
973,1996,"Drama,Thriller",32
974,1996,Thriller,44
975,1996,"Action,Sci-Fi,Thriller",12
976,1996,Action,49
977,1996,"Mystery,Thriller",27
978,1996,"Drama,Thriller",35
979,1996,Drama,22
980,1996,Drama,8
981,1996,"Action,Adventure,Thriller",20
982,1996,Thriller,15
983,1997,Thriller,44
984,1996,Drama,22
985,1997,Thriller,23
986,1997,Thriller,4
987,1997,"Comedy,Romance",86
988,1997,"Animation,Children's,Musical",32
989,1997,"Drama,Romance",33
990,1997,Crime,25
991,1997,"Comedy,Thriller",4
992,1997,"Adventure,Animation,Children's,Comedy,Musical",66
993,1997,Drama,7
994,1997,Comedy,31
995,1995,"Children's,Comedy",14
996,1995,Comedy,16
997,1994,Comedy,16
998,1994,Comedy,10
999,1994,"Comedy,Western",10
1000,1996,Comedy,17
1001,1997,Comedy,8
1002,1997,"Children's,Comedy,Mystery",8
1003,1993,"Drama,Western",9
1004,1991,Drama,22
1005,1991,"Drama,Sci-Fi",23
1006,1997,Comedy,47
1007,1996,Drama,37
1008,1996,Drama,64
1009,1996,Drama,44
1010,1996,Crime,93
1011,1997,"Comedy,Drama",100
1012,1997,"Action,Adventure,Thriller",38
1013,1997,Comedy,98
1014,1997,"Children's,Drama",12
1015,1997,"Action,Adventure,Thriller",137
1016,1996,Drama,50
1017,1990,Drama,32
1018,1989,"Action,Thriller",31
1019,1944,"Mystery,Thriller",35
1020,1963,Drama,38
1021,1997,Documentary,32
1022,1997,Comedy,31
1023,1997,Romance,15
1024,1997,"Action,Drama,Thriller",44
1025,1997,"Comedy,Drama",4
1026,1995,Action,3
1027,1995,"Comedy,Romance",148
1028,1995,Comedy,14
1029,1993,Comedy,20
1030,1994,"Adventure,Children's",7
1031,1994,"Children's,Comedy",16
1032,1996,"Adventure,Children's",32
1033,1996,"Action,Adventure",27
1034,1993,Comedy,68
1035,1991,"Comedy,Fantasy",24
1036,1982,"Comedy,Musical,Romance",24
1037,1997,Thriller,17
1038,1997,Drama,90
1039,1996,"Comedy,Romance",25
1040,1995,"Comedy,Romance",62
1041,1995,"Mystery,Thriller",28
1042,1995,Comedy,8
1043,1994,"Comedy,Drama",40
1044,1993,Drama,25
1045,1993,Thriller,46
1046,1996,Comedy,134
1047,1996,"Comedy,Romance",73
1048,1996,Comedy,25
1049,1947,"Drama,Romance",43
1050,1996,Comedy,41
1051,1995,"Comedy,Horror",25
1052,1995,Drama,24
1053,1996,Comedy,23
1054,1994,Drama,10
1055,1992,Horror,10
1056,1996,Comedy,22
1057,1994,"Adventure,Drama",15
1058,1996,Comedy,35
1059,1996,"Adventure,Children's",39
1060,1996,"Comedy,Drama",29
1061,1998,Drama,12
1062,1995,"Children's,Drama",41
1063,1947,"Crime,Film-Noir",4
1064,1983,"Documentary,War",53
1065,1995,"Animation,Children's",16
1066,1996,Comedy,44
1067,1996,Drama,12
1068,1994,"Crime,Drama,Thriller",18
1069,1995,Comedy,27
1070,1995,Comedy,16
1071,1995,"Comedy,Romance",7
1072,1994,Thriller,66
1073,1994,"Comedy,Drama",77
1074,1994,Drama,7
1075,1994,"Action,Adventure,Animation,Children's,Fantasy",12
1076,1994,Thriller,8
1077,1988,"Animation,Children's",22
1078,1996,"Comedy,Musical",45
1079,1996,Comedy,2
1080,1996,Crime,8
1081,1997,Drama,8
1082,1997,"Crime,Thriller",6
1083,1996,Documentary,21
1084,1996,"Drama,Romance",11
1085,1996,Drama,21
1086,1996,Action,10
1087,1997,Action,13
1088,1997,"Action,Romance,Thriller",38
1089,1993,Thriller,37
1090,1977,"Adventure,Animation,Children's,Musical",43
1091,1996,Comedy,12
1092,1996,Comedy,23
1093,1996,Comedy,12
1094,1996,Comedy,29
1095,1997,Romance,3
1096,1996,Drama,18
1097,1996,Comedy,42
1098,1994,Drama,13
1099,1994,"Comedy,Drama,Romance",8
1100,1993,"Drama,Mystery",74
1101,1996,"Comedy,Romance",7
1102,1990,"Comedy,Drama",19
1103,1992,"Comedy,Crime,Drama",4
1104,1998,"Action,Adventure,Thriller",18
1105,1998,"Crime,Drama",4
1106,1995,Drama,18
1107,1995,Drama,5
1108,1994,"Drama,Thriller",28
1109,1995,"Action,Comedy,Musical,Sci-Fi",41
1110,1996,Drama,7
1111,1994,Drama,15
1112,1994,Drama,22
1113,1996,Comedy,10
1114,1996,"Comedy,Drama,Romance",29
1115,1940,Adventure,13
1116,1996,Drama,19
1117,1978,Comedy,47
1118,1987,"Drama,Romance",59
1119,1996,Comedy,17
1120,1996,"Drama,Musical",21
1121,1939,"Crime,Drama",1
1122,1954,Drama,3
1123,1932,"Romance,War",12
1124,1961,Thriller,4
1125,1958,"Adventure,Drama",32
1126,1998,Drama,11
1127,1996,Documentary,13
1128,1996,"Drama,Mystery,Romance",28
1129,1996,Documentary,1
1130,1995,Thriller,13
1131,1996,"Drama,Romance",32
1132,1975,"Adventure,Children's,Fantasy",30
1133,1996,Drama,38
1134,1991,"Drama,Musical",46
1135,1996,Drama,29
1136,1996,"Drama,Romance",29
1137,1997,"Action,Comedy,Crime,Drama",5
1138,1995,"Action,Crime,Thriller",33
1139,1994,Comedy,17
1140,1993,Documentary,9
1141,1997,Documentary,44
1142,1997,"Crime,Thriller",15
1143,1997,Drama,3
1144,1994,Drama,9
1145,1993,Drama,3
1146,1995,Drama,21
1147,1994,Drama,9
1148,1971,Drama,26
1149,1996,Drama,9
1150,1996,Crime,7
1151,1997,"Romance,War",28
1152,1993,"Drama,Musical",19
1153,1965,Sci-Fi,12
1154,1996,"Comedy,Romance",3
1155,1996,"Crime,Drama",1
1156,1997,Horror,25
1157,1996,Drama,4
1158,1979,"Mystery,Sci-Fi",11
1159,1997,"Drama,Romance",26
1160,1996,"Action,Drama",13
1161,1996,Comedy,5
1162,1996,Drama,25
1163,1997,Children's,6
1164,1996,"Comedy,Drama",14
1165,1993,Comedy,12
1166,1994,Comedy,11
1167,1993,Drama,22
1168,1994,Drama,10
1169,1994,"Comedy,Drama",27
1170,1994,Drama,14
1171,1939,Comedy,15
1172,1997,"Drama,Romance",7
1173,1996,"Drama,Thriller",8
1174,1997,Romance,5
1175,1997,"Drama,War",22
1176,1996,Comedy,7
1177,1994,Comedy,19
1178,1995,Comedy,9
1179,1994,"Action,Comedy",10
1180,1994,"Action,Comedy",10
1181,1994,Comedy,13
1182,1994,"Action,Comedy",19
1183,1994,Documentary,10
1184,1994,"Comedy,War",18
1185,1994,"Comedy,Drama",3
1186,1975,Crime,13
1187,1990,"Action,Comedy,Western",44
1188,1997,Drama,3
1189,1997,"Comedy,Romance",11
1190,1998,"Crime,Drama",3
1191,1993,Drama,13
1192,1994,Drama,10
1193,1994,"Crime,Drama",31
1194,1993,Drama,11
1195,1992,Drama,3
1196,1996,"Comedy,Drama",45
1197,1960,"Crime,Thriller",7
1198,1996,"Comedy,Horror",23
1199,1950,"Children's,Drama",7
1200,1996,Documentary,1
1201,1996,Comedy,8
1202,1935,"Comedy,Musical,Romance",21
1203,1942,"Comedy,Drama,War",18
1204,1996,Drama,6
1205,1993,Comedy,19
1206,1995,Thriller,17
1207,1995,"Crime,Drama,Thriller",20
1208,1994,Comedy,15
1209,1995,"Sci-Fi,Thriller",38
1210,1994,"Drama,Romance",12
1211,1993,"Drama,Mystery,Romance",6
1212,1993,"Crime,Drama,Thriller",6
1213,1976,Drama,9
1214,1996,"Action,Sci-Fi",30
1215,1997,Romance,6
1216,1995,Thriller,39
1217,1995,Comedy,26
1218,1995,"Animation,Children's,Comedy,Romance",20
1219,1995,Drama,30
1220,1994,Drama,39
1221,1993,Action,25
1222,1993,Drama,4
1223,1994,Drama,12
1224,1995,Comedy,14
1225,1997,"Crime,Drama",32
1226,1995,Drama,8
1227,1995,Action,48
1228,1995,"Drama,Thriller",13
1229,1994,Comedy,18
1230,1990,"Action,Drama",22
1231,1991,Documentary,17
1232,1996,Drama,6
1233,1998,Comedy,8
1234,1994,Crime,1
1235,1997,Drama,1
1236,1996,"Comedy,Drama",6
1237,1996,Drama,8
1238,1995,"Action,Adventure,Romance",18
1239,1996,"Animation,Sci-Fi",26
1240,1997,"Comedy,Drama",6
1241,1991,Comedy,5
1242,1998,Horror,7
1243,1997,Action,36
1244,1997,Crime,19
1245,1995,Comedy,7
1246,1994,Western,6
1247,1994,Thriller,19
1248,1993,Comedy,12
1249,1995,Action,6
1250,1997,Comedy,8
1251,1997,Drama,9
1252,1995,Thriller,7
1253,1997,Comedy,11
1254,1997,Drama,8
1255,1997,Drama,3
1256,1997,Drama,4
1257,1997,"Comedy,Romance",23
1258,1996,"Comedy,Romance",4
1259,1995,Drama,4
1260,1995,Drama,4
1261,1996,Romance,8
1262,1996,Drama,15
1263,1996,Drama,7
1264,1997,Drama,19
1265,1973,Drama,12
1266,1995,Drama,33
1267,1992,Drama,10
1268,1957,"Comedy,Romance",10
1269,1993,Comedy,7
1270,1994,Comedy,7
1271,1994,"Comedy,Drama",5
1272,1994,"Drama,Thriller",15
1273,1993,"Sci-Fi,Thriller",11
1274,1994,Thriller,4
1275,1996,Drama,8
1276,1996,"Action,Crime",19
1277,1997,"Drama,Musical",16
1278,1997,"Adventure,Children's",9
1279,1997,Crime,16
1280,1996,Drama,13
1281,1996,Drama,9
1282,1997,Comedy,19
1283,1996,"Drama,Mystery",26
1284,1994,Drama,15
1285,1937,"Comedy,Musical,Romance",17
1286,1996,Comedy,6
1287,1996,Comedy,7
1288,1996,Romance,7
1289,1994,"Drama,Romance",2
1290,1996,Comedy,15
1291,1997,"Children's,Fantasy",3
1292,1998,"Adventure,Children's,Fantasy,Sci-Fi",3
1293,1998,Documentary,7
1294,1997,"Comedy,Drama",7
1295,1996,"Comedy,Drama",20
1296,1994,"Drama,Romance",12
1297,1953,"Comedy,Musical",9
1298,1941,"Drama,Romance",8
1299,1997,"Drama,Romance",9
1300,1981,Comedy,5
1301,1997,Comedy,5
1302,1994,Action,18
1303,1996,"Action,Crime",2
1304,1995,Comedy,7
1305,1994,Drama,2
1306,1994,Documentary,2
1307,1994,"Comedy,Drama",2
1308,1974,Drama,1
1309,1945,Drama,1
1310,1996,"Comedy,Drama",16
1311,1996,"Comedy,Drama",7
1312,1998,"Film-Noir,Mystery,Thriller",14
1313,1994,"Action,Adventure,Thriller",11
1314,1997,"Drama,Romance",23
1315,1997,Drama,7
1316,1996,Drama,4
1317,1996,Documentary,3
1318,1996,Drama,4
1319,1996,Drama,1
1320,1996,Comedy,2
1321,1993,Comedy,6
1322,1994,Drama,3
1323,1996,"Drama,Thriller",5
1324,1996,Drama,1
1325,1996,Drama,6
1326,1994,Drama,3
1327,1996,Drama,6
1328,1996,Drama,1
1329,1994,Drama,4
1330,1995,Documentary,4
1331,1993,Drama,2
1332,1994,"Comedy,Drama",5
1333,1996,Drama,2
1334,1996,Drama,11
1335,1996,"Children's,Comedy,Fantasy",10
1336,1996,Comedy,9
1337,1996,Drama,4
1338,1993,"Comedy,Drama",1
1339,1995,Romance,1
1340,1992,Drama,1
1341,1996,Drama,2
1342,1995,Drama,1
1343,1993,Drama,5
1344,1994,Drama,2
1345,1992,Drama,5
1346,1958,Drama,4
1347,1990,Drama,1
1348,1993,Comedy,1
1349,1949,Drama,2
1350,1996,Comedy,3
1351,1976,Drama,1
1352,1994,Romance,5
1353,1992,Drama,2
1354,1996,Drama,6
1355,1996,Comedy,3
1356,1994,"Romance,War",3
1357,1996,Action,2
1358,1996,Drama,2
1359,1994,Comedy,2
1360,1996,Comedy,3
1361,1996,Action,2
1362,1996,Documentary,1
1363,1996,Action,1
1364,1993,"Action,Drama",2
1365,1994,"Documentary,Drama",1
1366,1994,Animation,5
1367,1994,Drama,6
1368,1950,Drama,4
1369,1994,"Drama,Thriller",3
1370,1994,"Comedy,Horror",2
1371,1994,Action,3
1372,1971,unknown,1
1373,1980,Comedy,2
1374,1993,Drama,10
1375,1997,Comedy,7
1376,1997,"Comedy,Romance",4
1377,1997,Documentary,5
1378,1997,Romance,7
1379,1997,Drama,6
1380,1996,Drama,8
1381,1997,Drama,4
1382,1997,"Adventure,Children's",6
1383,1997,Drama,3
1384,1997,"Comedy,Romance",5
1385,1997,Sci-Fi,6
1386,1997,Romance,3
1387,1997,Drama,6
1388,1997,Drama,3
1389,1997,Crime,2
1390,1997,Drama,3
1391,1997,Drama,5
1392,1997,"Action,Thriller",9
1393,1997,Romance,7
1394,1998,Drama,6
1395,1996,Drama,5
1396,1934,Drama,5
1397,1996,Drama,2
1398,1997,Thriller,7
1399,1995,"Drama,Romance",10
1400,1993,Drama,18
1401,1993,Drama,4
1402,1994,"Comedy,Drama",4
1403,1987,Comedy,13
1404,1997,Drama,6
1405,1995,"Drama,Romance",5
1406,1994,Action,20
1407,1995,Comedy,3
1408,1994,"Animation,Children's",7
1409,1993,Drama,4
1410,1968,"Adventure,Sci-Fi",28
1411,1995,"Animation,Children's",6
1412,1994,Action,8
1413,1995,Action,1
1414,1994,"Action,Children's",9
1415,1994,"Action,Sci-Fi",5
1416,1997,Drama,2
1417,1993,Drama,3
1418,1994,"Action,Sci-Fi",16
1419,1997,Comedy,3
1420,1993,Drama,11
1421,1993,"Film-Noir,Thriller",4
1422,1995,"Drama,War",4
1423,1994,"Comedy,Drama,Romance",3
1424,1994,"Comedy,Drama",10
1425,1996,"Comedy,Drama",8
1426,1996,Drama,5
1427,1997,Comedy,12
1428,1998,"Drama,Romance",4
1429,1997,Drama,3
1430,1997,Thriller,5
1431,1998,Drama,3
1432,1997,"Action,Drama",2
1433,1998,Romance,10
1434,1995,Comedy,7
1435,1993,"Drama,Romance",2
1436,1994,Comedy,9
1437,1995,Drama,5
1438,1994,"Crime,Drama",8
1439,1994,Drama,5
1440,1995,"Drama,Romance",7
1441,1995,Drama,5
1442,1994,Drama,4
1443,1965,"Children's,Comedy,Mystery",19
1444,1994,Drama,4
1445,1995,Comedy,15
1446,1993,Drama,1
1447,1996,Drama,3
1448,1996,Drama,8
1449,1947,"Adventure,Romance",2
1450,1940,Thriller,15
1451,1943,"Comedy,Mystery",1
1452,1946,"Crime,Drama",1
1453,1947,Western,6
1454,1943,Western,2
1455,1954,"Comedy,Drama",7
1456,1996,"Comedy,Drama",1
1457,1937,"Comedy,Musical,Romance",1
1458,1996,Musical,7
1459,1996,"Comedy,Drama",1
1460,1935,Comedy,1
1461,1996,"Crime,Drama,Romance",7
1462,1997,Comedy,3
1463,1995,Drama,3
1464,1995,"Comedy,Drama",3
1465,1995,Drama,6
1466,1993,Drama,2
1467,1995,Drama,6
1468,1995,"Adventure,Children's",12
1469,1995,"Animation,Children's",5
1470,1995,Thriller,9
1471,1996,"Comedy,Sci-Fi",2
1472,1939,"Children's,Drama",9
1473,1994,"Comedy,Romance",6
1474,1993,"Comedy,Drama",8
1475,1948,Film-Noir,1
1476,1997,"Horror,Thriller",2
1477,1995,"Action,Crime,Drama",18
1478,1995,Comedy,8
1479,1974,"Adventure,Children's,Comedy",11
1480,1994,Drama,2
1481,1996,Documentary,1
1482,1998,"Action,Drama,Romance",12
1483,1994,"Action,Comedy",3
1484,1994,"Drama,Romance,War",4
1485,1995,Drama,1
1486,1993,"Comedy,Romance",5
1487,1993,Drama,4
1488,1994,Comedy,5
1489,1993,Comedy,3
1490,1995,"Action,Drama,Thriller",2
1491,1994,Comedy,1
1492,1996,Romance,1
1493,1996,Comedy,1
1494,1996,Drama,5
1495,1996,"Comedy,Crime",5
1496,1996,Documentary,2
1497,1997,Comedy,1
1498,1994,Comedy,4
1499,1996,Comedy,2
1500,1997,War,5
1501,1994,"Comedy,Romance",2
1502,1995,"Adventure,Children's",10
1503,1996,Comedy,3
1504,1996,"Crime,Drama",1
1505,1996,Drama,3
1506,1996,Comedy,1
1507,1995,"Drama,Thriller",3
1508,1994,Comedy,5
1509,1996,Crime,1
1510,1997,Comedy,5
1511,1996,Drama,6
1512,1997,Comedy,3
1513,1997,Drama,7
1514,1995,"Adventure,Romance",1
1515,1994,Drama,3
1516,1996,Drama,5
1517,1995,Drama,12
1518,1995,"Crime,Drama",2
1519,1995,Horror,1
1520,1993,"Comedy,Romance",4
1521,1994,Thriller,7
1522,1994,"Action,Adventure",2
1523,1996,Drama,8
1524,1998,"Comedy,Romance",1
1525,1985,"Drama,Romance,Thriller",1
1526,1998,Comedy,7
1527,1997,Drama,3
1528,1996,War,5
1529,1995,Drama,5
1530,1995,"Adventure,Children's",7
1531,1994,Drama,2
1532,1993,Drama,1
1533,1997,"Comedy,Crime",6
1534,1994,Drama,4
1535,1996,Drama,1
1536,1997,Comedy,4
1537,1997,Drama,3
1538,1993,Drama,4
1539,1995,"Adventure,Children's",10
1540,1994,Drama,2
1541,1926,Drama,2
1542,1996,Drama,1
1543,1995,Comedy,3
1544,1995,"Drama,Romance",4
1545,1988,Drama,1
1546,1995,Documentary,2
1547,1995,"Action,Thriller",1
1548,1995,Thriller,2
1549,1995,Comedy,2
1550,1994,Drama,2
1551,1995,Action,3
1552,1995,"Mystery,Thriller",4
1553,1994,Drama,2
1554,1993,"Adventure,Children's",5
1555,1995,"Action,Drama,Thriller",2
1556,1996,"Comedy,Drama",1
1557,1996,Drama,7
1558,1994,"Action,Drama,Thriller",1
1559,1981,Crime,4
1560,1994,"Documentary,Drama",1
1561,1993,Documentary,1
1562,1994,Romance,1
1563,1991,Drama,1
1564,1992,Drama,1
1565,1943,Drama,1
1566,1992,Comedy,1
1567,1992,"Comedy,Romance",1
1568,1987,"Comedy,Drama",1
1569,1992,Comedy,1
1570,1973,Drama,1
1571,1982,Drama,1
1572,1968,Horror,2
1573,1995,War,1
1574,1990,Drama,1
1575,1987,Fantasy,1
1576,1956,Drama,1
1577,1967,Drama,2
1578,1988,Thriller,1
1579,1933,Romance,1
1580,1950,Mystery,1
1581,1947,Film-Noir,1
1582,1986,Drama,1
1583,1946,Drama,1
1584,1990,Documentary,2
1585,1992,"Action,Crime,Drama",1
1586,1958,Western,1
1587,1997,"Comedy,Drama",2
1588,1997,Comedy,4
1589,1997,Drama,2
1590,1998,Drama,6
1591,1998,Drama,5
1592,1996,Comedy,1
1593,1998,Documentary,2
1594,1996,"Action,Thriller",1
1595,1995,"Action,Sci-Fi,Thriller",1
1596,1992,"Action,Drama",5
1597,1997,"Crime,Thriller",6
1598,1996,Drama,1
1599,1997,Comedy,4
1600,1997,Thriller,1
1601,1998,Drama,3
1602,1996,Drama,1
1603,1948,"Crime,Film-Noir,Thriller",1
1604,1997,Comedy,4
1605,1997,Crime,1
1606,1998,Drama,3
1607,1997,"Adventure,Children's,Drama",4
1608,1997,Comedy,3
1609,1997,"Action,Crime,Romance",3
1610,1997,Comedy,2
1611,1998,Romance,4
1612,1998,"Action,Drama",1
1613,1958,"Comedy,Drama",1
1614,1997,"Action,Adventure,Children's,Fantasy",10
1615,1995,Drama,1
1616,1997,Romance,2
1617,1990,"Action,Crime",1
1618,1996,Drama,1
1619,1997,Comedy,9
1620,1996,Thriller,1
1621,1993,Comedy,3
1622,1996,Drama,3
1623,1998,Thriller,1
1624,1997,"Horror,Thriller",1
1625,1996,"Comedy,Drama",1
1626,1996,"Comedy,Drama",1
1627,1994,Drama,4
1628,1995,Documentary,2
1629,1996,Drama,1
1630,1993,"Comedy,Drama",2
1631,1996,War,1
1632,1996,"Comedy,Drama",1
1633,1996,Drama,1
1634,1986,Drama,1
1635,1996,Drama,1
1636,1996,Drama,1
1637,1996,"Crime,Drama",1
1638,1996,Drama,3
1639,1996,Drama,1
1640,1996,Documentary,1
1641,1996,Drama,2
1642,1997,Drama,4
1643,1997,Comedy,2
1644,1998,Drama,1
1645,1998,"Action,Drama",2
1646,1998,"Comedy,Crime,Drama",1
1647,1998,Drama,1
1648,1998,"Comedy,Documentary",1
1649,1998,Drama,1
1650,1998,"Drama,Thriller",1
1651,1997,Romance,3
1652,1996,Drama,1
1653,1998,Comedy,1
1654,1994,"Comedy,Romance",1
1655,1998,"Comedy,Romance",2
1656,1996,"Action,Drama",1
1657,1996,Drama,3
1658,1996,Comedy,1
1659,1996,Drama,1
1660,1994,Drama,1
1661,1997,"Drama,Romance",2
1662,1997,"Drama,War",1
1663,1997,Comedy,4
1664,1997,Drama,1
1665,1997,Drama,1
1666,1997,Drama,1
1667,1997,Comedy,1
1668,1997,"Crime,Drama,Mystery",1
1669,1998,"Comedy,Thriller",1
1670,1998,Drama,1
1671,1993,Drama,2
1672,1995,"Action,Thriller",1
1673,1962,Drama,1
1674,1996,Drama,1
1675,1996,Drama,1
1676,1996,Drama,1
1677,1998,Drama,1
1678,1998,"Romance,Thriller",1
1679,1998,"Drama,Romance",1
1680,1994,Comedy,1
1681,1996,Drama,1
