user_id,movie_id,rank
0,422,1
0,293,2
0,317,3
0,404,4
0,287,5
0,285,6
0,356,7
0,654,8
0,495,9
0,275,10
1,327,1
1,747,2
1,332,3
1,244,4
1,322,5
1,267,6
1,339,7
1,321,8
1,689,9
1,325,10
2,285,1
2,312,2
2,268,3
2,747,4
2,689,5
2,300,6
2,288,7
2,309,8
2,291,9
2,749,10
3,285,1
3,312,2
3,332,3
3,268,4
3,301,5
3,747,6
3,306,7
3,244,8
3,689,9
3,288,10
4,55,1
4,194,2
4,95,3
4,201,4
4,81,5
4,27,6
4,160,7
4,21,8
4,567,9
4,70,10
5,180,1
5,287,2
5,120,3
5,171,4
5,221,5
5,299,6
5,209,7
5,312,8
5,175,9
5,95,10
6,87,1
6,94,2
6,0,3
6,208,4
6,731,5
6,221,6
6,217,7
6,82,8
6,738,9
6,57,10
7,99,1
7,285,2
7,287,3
7,0,4
7,299,5
7,120,6
7,236,7
7,116,8
7,312,9
7,97,10
8,257,1
8,287,2
8,299,3
8,99,4
8,180,5
8,312,6
8,0,7
8,268,8
8,126,9
8,236,10
9,180,1
9,171,2
9,203,3
9,209,4
9,172,5
9,78,6
9,422,7
9,317,8
9,120,9
9,95,10
10,49,1
10,180,2
10,173,3
10,0,4
10,171,5
10,209,6
10,126,7
10,6,8
10,194,9
10,95,10
11,180,1
11,99,2
11,0,3
11,55,4
11,120,5
11,6,6
11,116,7
11,221,8
11,236,9
11,257,10
12,150,1
12,256,2
12,14,3
12,244,4
12,741,5
12,124,6
12,495,7
12,258,8
12,281,9
12,297,10
13,285,1
13,257,2
13,0,3
13,293,4
13,236,5
13,116,6
13,299,7
13,78,8
13,404,9
13,317,10
14,287,1
14,293,2
14,312,3
14,244,4
14,267,5
14,99,6
14,325,7
14,339,8
14,326,9
14,271,10
15,49,1
15,180,2
15,209,3
15,120,4
15,172,5
15,175,6
15,221,7
15,116,8
15,185,9
15,81,10
16,257,1
16,287,2
16,299,3
16,49,4
16,312,5
16,327,6
16,747,7
16,180,8
16,301,9
16,288,10
17,172,1
17,175,2
17,182,3
17,95,4
17,654,5
17,227,6
17,120,7
17,143,8
17,264,9
17,6,10
18,49,1
18,285,2
18,99,3
18,180,4
18,299,5
18,0,6
18,126,7
18,236,8
18,120,9
18,6,10
19,99,1
19,257,2
19,293,3
19,126,4
19,55,5
19,285,6
19,6,7
19,236,8
19,116,9
19,221,10
20,312,1
20,332,2
20,306,3
20,116,4
20,270,5
20,301,6
20,331,7
20,878,8
20,236,9
20,681,10
21,55,1
21,97,2
21,99,3
21,0,4
21,422,5
21,68,6
21,233,7
21,21,8
21,81,9
21,6,10
22,209,1
22,167,2
22,120,3
22,126,4
22,68,5
22,317,6
22,21,7
22,63,8
22,116,9
22,185,10
23,49,1
23,180,2
23,0,3
23,120,4
23,173,5
23,221,6
23,171,7
23,404,8
23,203,9
23,209,10
24,99,1
24,55,2
24,171,3
24,209,4
24,167,5
24,68,6
24,422,7
24,116,8
24,95,9
24,317,10
25,244,1
25,288,2
25,267,3
25,300,4
25,306,5
25,325,6
25,271,7
25,339,8
25,326,9
25,689,10
26,257,1
26,293,2
26,299,3
26,312,4
26,747,5
26,327,6
26,268,7
26,180,8
26,0,9
26,236,10
27,180,1
27,0,2
27,171,3
27,120,4
27,203,5
27,209,6
27,126,7
27,167,8
27,68,9
27,236,10
28,257,1
28,287,2
28,312,3
28,327,4
28,49,5
28,99,6
28,332,7
28,288,8
28,300,9
28,322,10
29,287,1
29,299,2
29,99,3
29,747,4
29,327,5
29,0,6
29,268,7
29,236,8
29,301,9
29,120,10
30,285,1
30,257,2
30,299,3
30,287,4
30,49,5
30,293,6
30,99,7
30,268,8
30,312,9
30,180,10
31,257,1
31,285,2
31,299,3
31,0,4
31,747,5
31,327,6
31,236,7
31,120,8
31,268,9
31,126,10
32,285,1
32,747,2
32,268,3
32,301,4
32,300,5
32,288,6
32,689,7
32,325,8
32,321,9
32,339,10
33,299,1
33,257,2
33,327,3
33,332,4
33,312,5
33,301,6
33,268,7
33,306,8
33,747,9
33,300,10
34,285,1
34,287,2
34,293,3
34,312,4
34,306,5
34,301,6
34,268,7
34,322,8
34,244,9
34,300,10
35,299,1
35,285,2
35,327,3
35,689,4
35,257,5
35,312,6
35,301,7
35,325,8
35,331,9
35,300,10
36,180,1
36,99,2
36,0,3
36,97,4
36,236,5
36,293,6
36,257,7
36,203,8
36,172,9
36,150,10
37,49,1
37,173,2
37,180,3
37,55,4
37,97,5
37,171,6
37,203,7
37,209,8
37,120,9
37,172,10
38,285,1
38,327,2
38,288,3
38,244,4
38,322,5
38,689,6
38,339,7
38,325,8
38,321,9
38,267,10
39,287,1
39,312,2
39,747,3
39,306,4
39,300,5
39,288,6
39,689,7
39,322,8
39,325,9
39,326,10
40,171,1
40,120,2
40,126,3
40,203,4
40,209,5
40,6,6
40,78,7
40,221,8
40,236,9
40,116,10
41,55,1
41,99,2
41,6,3
41,126,4
41,116,5
41,21,6
41,88,7
41,185,8
41,190,9
41,237,10
42,287,1
42,194,2
42,95,3
42,21,4
42,175,5
42,233,6
42,182,7
42,88,8
42,356,9
42,124,10
43,126,1
43,209,2
43,78,3
43,116,4
43,233,5
43,27,6
43,287,7
43,185,8
43,11,9
43,285,10
44,257,1
44,293,2
44,285,3
44,299,4
44,747,5
44,312,6
44,116,7
44,327,8
44,221,9
44,322,10
45,257,1
45,268,2
45,301,3
45,300,4
45,288,5
45,322,6
45,339,7
45,325,8
45,267,9
45,321,10
46,299,1
46,327,2
46,312,3
46,293,4
46,332,5
46,747,6
46,689,7
46,244,8
46,325,9
46,271,10
47,99,1
47,257,2
47,0,3
47,126,4
47,287,5
47,120,6
47,236,7
47,6,8
47,221,9
47,116,10
48,126,1
48,236,2
48,221,3
48,209,4
48,287,5
48,78,6
48,285,7
48,404,8
48,68,9
48,194,10
49,257,1
49,299,2
49,293,3
49,312,4
49,327,5
49,747,6
49,268,7
49,301,8
49,332,9
49,49,10
50,173,1
50,99,2
50,55,3
50,97,4
50,0,5
50,203,6
50,120,7
50,167,8
50,78,9
50,126,10
51,285,1
51,49,2
51,293,3
51,299,4
51,180,5
51,0,6
51,312,7
51,126,8
51,268,9
51,327,10
52,293,1
52,287,2
52,285,3
52,0,4
52,299,5
52,236,6
52,116,7
52,126,8
52,221,9
52,55,10
53,285,1
53,293,2
53,299,3
53,268,4
53,322,5
53,288,6
53,300,7
53,321,8
53,677,9
53,270,10
54,257,1
54,99,2
54,293,3
54,287,4
54,285,5
54,0,6
54,299,7
54,236,8
54,126,9
54,221,10
55,99,1
55,126,2
55,317,3
55,134,4
55,131,5
55,11,6
55,356,7
55,495,8
55,181,9
55,184,10
56,285,1
56,299,2
56,312,3
56,327,4
56,126,5
56,268,6
56,288,7
56,332,8
56,301,9
56,275,10
57,285,1
57,257,2
57,293,3
57,287,4
57,116,5
57,78,6
57,275,7
57,422,8
57,21,9
57,14,10
58,221,1
58,116,2
58,152,3
58,143,4
58,87,5
58,7,6
58,293,7
58,153,8
58,256,9
58,545,10
59,190,1
59,317,2
59,99,3
59,201,4
59,237,5
59,21,6
59,195,7
59,654,8
59,181,9
59,0,10
60,285,1
60,287,2
60,312,3
60,301,4
60,306,5
60,244,6
60,288,7
60,325,8
60,339,9
60,321,10
61,78,1
61,201,2
61,233,3
61,185,4
61,24,5
61,193,6
61,10,7
61,184,8
61,495,9
61,196,10
62,312,1
62,244,2
62,306,3
62,126,4
62,339,5
62,325,6
62,116,7
62,271,8
62,270,9
62,326,10
63,203,1
63,116,2
63,293,3
63,285,4
63,356,5
63,24,6
63,14,7
63,482,8
63,256,9
63,117,10
64,180,1
64,173,2
64,171,3
64,126,4
64,203,5
64,78,6
64,221,7
64,116,8
64,194,9
64,95,10
65,99,1
65,312,2
65,747,3
65,327,4
65,268,5
65,301,6
65,244,7
65,288,8
65,322,9
65,332,10
66,49,1
66,293,2
66,257,3
66,287,4
66,99,5
66,180,6
66,285,7
66,299,8
66,236,9
66,747,10
67,293,1
67,299,2
67,99,3
67,0,4
67,312,5
67,747,6
67,327,7
67,268,8
67,221,9
67,301,10
68,285,1
68,312,2
68,327,3
68,268,4
68,0,5
68,322,6
68,126,7
68,300,8
68,120,9
68,321,10
69,99,1
69,55,2
69,97,3
69,126,4
69,6,5
69,194,6
69,116,7
69,21,8
69,236,9
69,215,10
70,257,1
70,293,2
70,287,3
70,0,4
70,126,5
70,120,6
70,236,7
70,299,8
70,6,9
70,116,10
71,167,1
71,172,2
71,215,3
71,182,4
71,21,5
71,201,6
71,185,7
71,237,8
71,150,9
71,152,10
72,49,1
72,180,2
72,257,3
72,173,4
72,293,5
72,97,6
72,120,7
72,236,8
72,116,9
72,221,10
73,285,1
73,268,2
73,747,3
73,288,4
73,322,5
73,321,6
73,49,7
73,326,8
73,677,9
73,270,10
74,257,1
74,287,2
74,285,3
74,299,4
74,49,5
74,747,6
74,180,7
74,312,8
74,327,9
74,6,10
75,49,1
75,180,2
75,293,3
75,126,4
75,299,5
75,0,6
75,268,7
75,312,8
75,173,9
75,236,10
76,203,1
76,6,2
76,78,3
76,116,4
76,236,5
76,257,6
76,422,7
76,317,8
76,293,9
76,215,10
77,285,1
77,257,2
77,299,3
77,312,4
77,327,5
77,747,6
77,49,7
77,332,8
77,301,9
77,99,10
78,299,1
78,293,2
78,327,3
78,301,4
78,747,5
78,288,6
78,244,7
78,306,8
78,322,9
78,321,10
79,180,1
79,285,2
79,257,3
79,0,4
79,173,5
79,126,6
79,293,7
79,287,8
79,55,9
79,97,10
80,49,1
80,257,2
80,293,3
80,285,4
80,180,5
80,299,6
80,116,7
80,126,8
80,312,9
80,747,10
81,257,1
81,116,2
81,97,3
81,299,4
81,171,5
81,203,6
81,209,7
81,172,8
81,256,9
81,312,10
82,99,1
82,6,2
82,97,3
82,221,4
82,236,5
82,257,6
82,287,7
82,171,8
82,172,9
82,167,10
83,49,1
83,180,2
83,287,3
83,126,4
83,312,5
83,173,6
83,55,7
83,256,8
83,327,9
83,268,10
84,0,1
84,175,2
84,95,3
84,182,4
84,6,5
84,21,6
84,201,7
84,11,8
84,116,9
84,184,10
85,332,1
85,306,2
85,301,3
85,312,4
85,689,5
85,300,6
85,339,7
85,293,8
85,747,9
85,331,10
86,97,1
86,167,2
86,172,3
86,68,4
86,175,5
86,233,6
86,0,7
86,27,8
86,264,9
86,190,10
87,327,1
87,332,2
87,306,3
87,257,4
87,268,5
87,287,6
87,331,7
87,339,8
87,326,9
87,309,10
88,285,1
88,257,2
88,293,3
88,287,4
88,299,5
88,312,6
88,173,7
88,55,8
88,97,9
88,747,10
89,49,1
89,180,2
89,0,3
89,171,4
89,203,5
89,167,6
89,287,7
89,172,8
89,6,9
89,293,10
90,99,1
90,0,2
90,285,3
90,257,4
90,120,5
90,287,6
90,6,7
90,236,8
90,221,9
90,116,10
91,126,1
91,150,2
91,96,3
91,356,4
91,69,5
91,193,6
91,495,7
91,184,8
91,285,9
91,587,10
92,257,1
92,49,2
92,293,3
92,285,4
92,287,5
92,99,6
92,299,7
92,180,8
92,236,9
92,312,10
93,116,1
93,236,2
93,94,3
93,196,4
93,426,5
93,14,6
93,238,7
93,230,8
93,479,9
93,659,10
94,55,1
94,99,2
94,317,3
94,221,4
94,11,5
94,229,6
94,10,7
94,426,8
94,3,9
94,434,10
95,171,1
95,203,2
95,209,3
95,167,4
95,68,5
95,120,6
95,201,7
95,190,8
95,27,9
95,21,10
96,180,1
96,55,2
96,209,3
96,120,4
96,126,5
96,175,6
96,215,7
96,317,8
96,21,9
96,233,10
97,49,1
97,99,2
97,180,3
97,173,4
97,55,5
97,97,6
97,0,7
97,126,8
97,171,9
97,120,10
98,285,1
98,268,2
98,126,3
98,322,4
98,301,5
98,288,6
98,332,7
98,221,8
98,256,9
98,300,10
99,306,1
99,331,2
99,330,3
99,300,4
99,681,5
99,326,6
99,747,7
99,244,8
99,303,9
99,321,10
100,293,1
100,257,2
100,285,3
100,299,4
100,99,5
100,747,6
100,312,7
100,327,8
100,322,9
100,126,10
101,99,1
101,236,2
101,68,3
101,422,4
101,150,5
101,21,6
101,215,7
101,317,8
101,27,9
101,63,10
102,257,1
102,99,2
102,285,3
102,287,4
102,0,5
102,236,6
102,6,7
102,312,8
102,747,9
102,173,10
103,322,1
103,321,2
103,325,3
103,0,4
103,689,5
103,320,6
103,303,7
103,314,8
103,318,9
103,878,10
104,299,1
104,293,2
104,327,3
104,288,4
104,244,5
104,322,6
104,300,7
104,321,8
104,325,9
104,331,10
105,49,1
105,180,2
105,173,3
105,55,4
105,97,5
105,126,6
105,120,7
105,171,8
105,203,9
105,6,10
106,327,1
106,293,2
106,747,3
106,306,4
106,300,5
106,288,6
106,689,7
106,244,8
106,325,9
106,331,10
107,285,1
107,257,2
107,287,3
107,299,4
107,312,5
107,327,6
107,268,7
107,301,8
107,116,9
107,288,10
108,152,1
108,134,2
108,131,3
108,285,4
108,142,5
108,181,6
108,193,7
108,495,8
108,184,9
108,275,10
109,49,1
109,180,2
109,173,3
109,97,4
109,171,5
109,120,6
109,0,7
109,209,8
109,99,9
109,167,10
110,299,1
110,287,2
110,293,3
110,747,4
110,689,5
110,288,6
110,244,7
110,322,8
110,326,9
110,267,10
111,287,1
111,325,2
111,339,3
111,267,4
111,291,5
111,303,6
111,681,7
111,318,8
111,270,9
111,269,10
112,312,1
112,747,2
112,268,3
112,301,4
112,306,5
112,300,6
112,689,7
112,339,8
112,271,9
112,331,10
113,49,1
113,173,2
113,180,3
113,172,4
113,0,5
113,78,6
113,422,7
113,68,8
113,126,9
113,215,10
114,0,1
114,257,2
114,285,3
114,293,4
114,287,5
114,221,6
114,203,7
114,299,8
114,404,9
114,209,10
115,244,1
115,326,2
115,320,3
115,318,4
115,99,5
115,236,6
115,681,7
115,241,8
115,304,9
115,0,10
116,293,1
116,99,2
116,285,3
116,299,4
116,126,5
116,327,6
116,268,7
116,275,8
116,117,9
116,8,10
117,49,1
117,180,2
117,0,3
117,203,4
117,120,5
117,172,6
117,167,7
117,126,8
117,422,9
117,68,10
118,0,1
118,747,2
118,126,3
118,301,4
118,288,5
118,332,6
118,14,7
118,677,8
118,306,9
118,150,10
119,293,1
119,287,2
119,299,3
119,99,4
119,180,5
119,312,6
119,747,7
119,327,8
119,268,9
119,6,10
120,285,1
120,257,2
120,287,3
120,6,4
120,268,5
120,221,6
120,747,7
120,55,8
120,327,9
120,301,10
121,173,1
121,97,2
121,49,3
121,55,4
121,203,5
121,171,6
121,167,7
121,180,8
121,209,9
121,172,10
122,180,1
122,257,2
122,0,3
122,173,4
122,55,5
122,120,6
122,236,7
122,6,8
122,116,9
122,221,10
123,180,1
123,99,2
123,55,3
123,203,4
123,120,5
123,209,6
123,126,7
123,68,8
123,422,9
123,221,10
124,99,1
124,422,2
124,120,3
124,95,4
124,233,5
124,182,6
124,88,7
124,6,8
124,227,9
124,126,10
125,268,1
125,306,2
125,747,3
125,300,4
125,267,5
125,330,6
125,291,7
125,303,8
125,749,9
125,878,10
126,99,1
126,180,2
126,312,3
126,0,4
126,327,5
126,236,6
126,120,7
126,268,8
126,126,9
126,116,10
127,99,1
127,126,2
127,194,3
127,6,4
127,175,5
127,95,6
127,317,7
127,21,8
127,182,9
127,233,10
128,327,1
128,332,2
128,293,3
128,689,4
128,300,5
128,288,6
128,339,7
128,325,8
128,331,9
128,321,10
129,126,1
129,150,2
129,14,3
129,24,4
129,322,5
129,8,6
129,272,7
129,301,8
129,317,9
129,590,10
130,299,1
130,257,2
130,287,3
130,293,4
130,327,5
130,747,6
130,332,7
130,288,8
130,300,9
130,267,10
131,180,1
131,257,2
131,0,3
131,173,4
131,293,5
131,287,6
131,120,7
131,97,8
131,236,9
131,6,10
132,287,1
132,332,2
132,301,3
132,747,4
132,306,5
132,300,6
132,288,7
132,322,8
132,689,9
132,325,10
133,287,1
133,332,2
133,244,3
133,288,4
133,306,5
133,321,6
133,267,7
133,689,8
133,339,9
133,326,10
134,49,1
134,180,2
134,99,3
134,173,4
134,0,5
134,120,6
134,171,7
134,203,8
134,209,9
134,126,10
135,49,1
135,287,2
135,293,3
135,299,4
135,180,5
135,0,6
135,747,7
135,327,8
135,120,9
135,301,10
136,257,1
136,285,2
136,293,3
136,287,4
136,99,5
136,312,6
136,327,7
136,268,8
136,126,9
136,6,10
137,49,1
137,180,2
137,173,3
137,126,4
137,171,5
137,203,6
137,6,7
137,172,8
137,209,9
137,167,10
138,299,1
138,257,2
138,293,3
138,327,4
138,312,5
138,268,6
138,332,7
138,747,8
138,300,9
138,288,10
139,299,1
139,327,2
139,312,3
139,268,4
139,332,5
139,747,6
139,306,7
139,322,8
139,689,9
139,325,10
140,268,1
140,301,2
140,288,3
140,306,4
140,300,5
140,267,6
140,325,7
140,270,8
140,339,9
140,326,10
141,285,1
141,257,2
141,49,3
141,299,4
141,99,5
141,312,6
141,0,7
141,268,8
141,747,9
141,236,10
142,299,1
142,268,2
142,747,3
142,301,4
142,244,5
142,300,6
142,288,7
142,339,8
142,267,9
142,326,10
143,120,1
143,221,2
143,268,3
143,747,4
143,150,5
143,24,6
143,274,7
143,288,8
143,267,9
143,110,10
144,287,1
144,747,2
144,322,3
144,244,4
144,126,5
144,288,6
144,321,7
144,150,8
144,124,9
144,306,10
145,287,1
145,332,2
145,747,3
145,689,4
145,288,5
145,322,6
145,325,7
145,331,8
145,321,9
145,309,10
146,299,1
146,287,2
146,327,3
146,293,4
146,332,5
146,306,6
146,747,7
146,288,8
146,244,9
146,322,10
147,99,1
147,209,2
147,120,3
147,78,4
147,422,5
147,194,6
147,175,7
147,95,8
147,215,9
147,317,10
148,287,1
148,293,2
148,306,3
148,747,4
148,689,5
148,288,6
148,321,7
148,331,8
148,291,9
148,303,10
149,285,1
149,257,2
149,293,3
149,299,4
149,312,5
149,327,6
149,747,7
149,268,8
149,301,9
149,236,10
150,95,1
150,126,2
150,21,3
150,181,4
150,178,5
150,143,6
150,179,7
150,116,8
150,236,9
150,7,10
151,49,1
151,180,2
151,99,3
151,173,4
151,0,5
151,55,6
151,171,7
151,6,8
151,126,9
151,221,10
152,99,1
152,285,2
152,287,3
152,0,4
152,120,5
152,299,6
152,236,7
152,6,8
152,116,9
152,221,10
153,99,1
153,180,2
153,0,3
153,126,4
153,55,5
153,97,6
153,293,7
153,120,8
153,236,9
153,6,10
154,257,1
154,312,2
154,332,3
154,268,4
154,301,5
154,306,6
154,300,7
154,288,8
154,689,9
154,339,10
155,49,1
155,180,2
155,173,3
155,55,4
155,97,5
155,0,6
155,171,7
155,126,8
155,203,9
155,120,10
156,287,1
156,293,2
156,299,3
156,327,4
156,180,5
156,236,6
156,301,7
156,332,8
156,244,9
156,322,10
157,97,1
157,236,2
157,68,3
157,257,4
157,422,5
157,404,6
157,150,7
157,317,8
157,287,9
157,233,10
158,299,1
158,312,2
158,49,3
158,268,4
158,99,5
158,301,6
158,306,7
158,0,8
158,180,9
158,267,10
159,180,1
159,257,2
159,285,3
159,293,4
159,120,5
159,299,6
159,97,7
159,221,8
159,171,9
159,312,10
160,0,1
160,257,2
160,293,3
160,120,4
160,287,5
160,236,6
160,6,7
160,116,8
160,221,9
160,171,10
161,99,1
161,257,2
161,287,3
161,285,4
161,126,5
161,299,6
161,55,7
161,404,8
161,97,9
161,312,10
162,49,1
162,293,2
162,99,3
162,180,4
162,312,5
162,0,6
162,236,7
162,126,8
162,747,9
162,327,10
163,285,1
163,287,2
163,293,3
163,49,4
163,268,5
163,301,6
163,288,7
163,0,8
163,300,9
163,267,10
164,49,1
164,285,2
164,99,3
164,293,4
164,299,5
164,0,6
164,120,7
164,236,8
164,6,9
164,312,10
165,332,1
165,268,2
165,301,3
165,306,4
165,244,5
165,288,6
165,300,7
165,689,8
165,325,9
165,267,10
166,173,1
166,97,2
166,422,3
166,167,4
166,171,5
166,55,6
166,185,7
166,209,8
166,194,9
166,172,10
167,285,1
167,49,2
167,327,3
167,236,4
167,268,5
167,244,6
167,332,7
167,288,8
167,301,9
167,126,10
168,285,1
168,99,2
168,287,3
168,293,4
168,0,5
168,120,6
168,236,7
168,312,8
168,6,9
168,55,10
169,285,1
169,312,2
169,747,3
169,268,4
169,301,5
169,306,6
169,300,7
169,288,8
169,689,9
169,326,10
170,299,1
170,293,2
170,327,3
170,332,4
170,747,5
170,306,6
170,300,7
170,288,8
170,322,9
170,321,10
171,49,1
171,173,2
171,97,3
171,55,4
171,180,5
171,99,6
171,203,7
171,171,8
171,167,9
171,209,10
172,287,1
172,312,2
172,332,3
172,747,4
172,306,5
172,339,6
172,309,7
172,271,8
172,303,9
172,314,10
173,180,1
173,120,2
173,173,3
173,293,4
173,6,5
173,221,6
173,126,7
173,257,8
173,171,9
173,404,10
174,180,1
174,173,2
174,0,3
174,203,4
174,120,5
174,209,6
174,172,7
174,78,8
174,167,9
174,6,10
175,299,1
175,312,2
175,268,3
175,747,4
175,301,5
175,332,6
175,244,7
175,300,8
175,322,9
175,306,10
176,285,1
176,236,2
176,116,3
176,312,4
176,221,5
176,268,6
176,404,7
176,150,8
176,327,9
176,256,10
177,150,1
177,288,2
177,474,3
177,190,4
177,300,5
177,356,6
177,271,7
177,185,8
177,12,9
177,514,10
178,285,1
178,327,2
178,325,3
178,293,4
178,747,5
178,331,6
178,326,7
178,244,8
178,322,9
178,288,10
179,49,1
179,173,2
179,99,3
179,171,4
179,209,5
179,167,6
179,0,7
179,194,8
179,175,9
179,95,10
180,312,1
180,309,2
180,339,3
180,688,4
180,749,5
180,341,6
180,338,7
180,314,8
180,897,9
180,271,10
181,257,1
181,285,2
181,293,3
181,287,4
181,299,5
181,126,6
181,6,7
181,116,8
181,312,9
181,173,10
182,173,1
182,99,2
182,55,3
182,97,4
182,0,5
182,171,6
182,203,7
182,126,8
182,172,9
182,78,10
183,203,1
183,167,2
183,172,3
183,194,4
183,95,5
183,221,6
183,134,7
183,27,8
183,233,9
183,185,10
184,99,1
184,0,2
184,293,3
184,173,4
184,287,5
184,55,6
184,120,7
184,97,8
184,6,9
184,299,10
185,285,1
185,49,2
185,747,3
185,312,4
185,327,5
185,180,6
185,0,7
185,322,8
185,244,9
185,6,10
186,49,1
186,173,2
186,180,3
186,99,4
186,55,5
186,97,6
186,171,7
186,0,8
186,78,9
186,126,10
187,0,1
187,171,2
187,221,3
187,116,4
187,167,5
187,422,6
187,257,7
187,404,8
187,182,9
187,88,10
188,97,1
188,285,2
188,167,3
188,257,4
188,209,5
188,236,6
188,68,7
188,221,8
188,194,9
188,356,10
189,285,1
189,49,2
189,322,3
189,288,4
189,300,5
189,306,6
189,267,7
189,321,8
189,180,9
189,0,10
190,257,1
190,293,2
190,332,3
190,747,4
190,689,5
190,288,6
190,244,7
190,322,8
190,325,9
190,326,10
191,285,1
191,299,2
191,287,3
191,293,4
191,312,5
191,327,6
191,747,7
191,332,8
191,244,9
191,322,10
192,49,1
192,180,2
192,6,3
192,221,4
192,747,5
192,97,6
192,150,7
192,256,8
192,14,9
192,117,10
193,175,1
193,95,2
193,150,3
193,10,4
193,199,5
193,602,6
193,683,7
193,479,8
193,230,9
193,67,10
194,49,1
194,293,2
194,0,3
194,287,4
194,120,5
194,285,6
194,236,7
194,116,8
194,6,9
194,221,10
195,49,1
195,257,2
195,99,3
195,293,4
195,287,5
195,180,6
195,299,7
195,0,8
195,126,9
195,236,10
196,99,1
196,0,2
196,120,3
196,236,4
196,6,5
196,116,6
196,221,7
196,97,8
196,404,9
196,150,10
197,293,1
197,287,2
197,285,3
197,21,4
197,201,5
197,27,6
197,11,7
197,256,8
197,143,9
197,8,10
198,299,1
198,287,2
198,327,3
198,747,4
198,332,5
198,301,6
198,244,7
198,288,8
198,306,9
198,300,10
199,180,1
199,99,2
199,126,3
199,167,4
199,236,5
199,215,6
199,63,7
199,185,8
199,143,9
199,96,10
200,167,1
200,134,2
200,152,3
200,193,4
200,131,5
200,150,6
200,495,7
200,426,8
200,293,9
200,142,10
201,49,1
201,99,2
201,180,3
201,293,4
201,287,5
201,126,6
201,173,7
201,120,8
201,55,9
201,97,10
202,285,1
202,299,2
202,312,3
202,327,4
202,268,5
202,301,6
202,332,7
202,244,8
202,288,9
202,267,10
203,293,1
203,312,2
203,327,3
203,288,4
203,306,5
203,322,6
203,689,7
203,325,8
203,326,9
203,271,10
204,287,1
204,301,2
204,306,3
204,244,4
204,322,5
204,300,6
204,689,7
204,339,8
204,326,9
204,271,10
205,907,1
205,343,2
205,886,3
205,936,4
205,937,5
205,908,6
205,1037,7
205,338,8
205,306,9
205,330,10
206,49,1
206,0,2
206,287,3
206,6,4
206,221,5
206,171,6
206,404,7
206,150,8
206,299,9
206,256,10
207,49,1
207,173,2
207,180,3
207,97,4
207,99,5
207,171,6
207,0,7
207,209,8
207,167,9
207,172,10
208,299,1
208,287,2
208,293,3
208,312,4
208,327,5
208,301,6
208,747,7
208,306,8
208,288,9
208,244,10
209,99,1
209,6,2
209,116,3
209,236,4
209,317,5
209,21,6
209,182,7
209,150,8
209,404,9
209,257,10
210,257,1
210,287,2
210,293,3
210,49,4
210,99,5
210,312,6
210,327,7
210,747,8
210,268,9
210,0,10
211,49,1
211,99,2
211,180,3
211,173,4
211,55,5
211,97,6
211,0,7
211,171,8
211,257,9
211,120,10
212,236,1
212,209,2
212,167,3
212,299,4
212,422,5
212,95,6
212,21,7
212,215,8
212,14,9
212,201,10
213,285,1
213,257,2
213,0,3
213,299,4
213,236,5
213,221,6
213,8,7
213,404,8
213,747,9
213,14,10
214,99,1
214,0,2
214,120,3
214,172,4
214,78,5
214,6,6
214,68,7
214,116,8
214,95,9
214,317,10
215,120,1
215,126,2
215,116,3
215,221,4
215,257,5
215,293,6
215,172,7
215,287,8
215,194,9
215,95,10
216,97,1
216,203,2
216,99,3
216,0,4
216,172,5
216,167,6
216,422,7
216,68,8
216,201,9
216,233,10
217,49,1
217,180,2
217,173,3
217,171,4
217,0,5
217,209,6
217,120,7
217,126,8
217,78,9
217,422,10
218,285,1
218,49,2
218,287,3
218,99,4
218,293,5
218,299,6
218,180,7
218,312,8
218,0,9
218,126,10
219,327,1
219,312,2
219,301,3
219,747,4
219,306,5
219,244,6
219,322,7
219,689,8
219,325,9
219,321,10
220,0,1
220,97,2
220,126,3
220,236,4
220,293,5
220,167,6
220,194,7
220,175,8
220,21,9
220,201,10
221,142,1
221,495,2
221,193,3
221,210,4
221,426,5
221,683,6
221,434,7
221,178,8
221,234,9
221,196,10
222,747,1
222,49,2
222,99,3
222,244,4
222,268,5
222,301,6
222,180,7
222,306,8
222,300,9
222,267,10
223,49,1
223,99,2
223,180,3
223,287,4
223,0,5
223,120,6
223,126,7
223,116,8
223,6,9
223,173,10
224,49,1
224,173,2
224,180,3
224,55,4
224,99,5
224,203,6
224,167,7
224,209,8
224,172,9
224,78,10
225,49,1
225,99,2
225,180,3
225,293,4
225,287,5
225,0,6
225,299,7
225,126,8
225,120,9
225,236,10
226,257,1
226,299,2
226,312,3
226,327,4
226,268,5
226,301,6
226,332,7
226,288,8
226,244,9
226,322,10
227,257,1
227,299,2
227,293,3
227,49,4
227,99,5
227,180,6
227,268,7
227,327,8
227,747,9
227,301,10
228,293,1
228,332,2
228,306,3
228,300,4
228,689,5
228,288,6
228,322,7
228,325,8
228,326,9
228,267,10
229,172,1
229,126,2
229,317,3
229,221,4
229,88,5
229,190,6
229,150,7
229,11,8
229,193,9
229,654,10
230,257,1
230,285,2
230,293,3
230,287,4
230,99,5
230,327,6
230,236,7
230,268,8
230,116,9
230,301,10
231,257,1
231,173,2
231,120,3
231,287,4
231,236,5
231,6,6
231,221,7
231,299,8
231,78,9
231,209,10
232,180,1
232,0,2
232,171,3
232,209,4
232,172,5
232,78,6
232,6,7
232,194,8
232,221,9
232,175,10
233,513,1
233,82,2
233,202,3
233,57,4
233,567,5
233,508,6
233,120,7
233,528,8
233,229,9
233,381,10
234,285,1
234,55,2
234,97,3
234,126,4
234,257,5
234,171,6
234,203,7
234,120,8
234,167,9
234,172,10
235,0,1
235,257,2
235,120,3
235,287,4
235,6,5
235,404,6
235,299,7
235,172,8
235,167,9
235,24,10
236,49,1
236,180,2
236,55,3
236,171,4
236,203,5
236,167,6
236,0,7
236,209,8
236,172,9
236,78,10
237,287,1
237,312,2
237,327,3
237,49,4
237,747,5
237,99,6
237,268,7
237,332,8
237,322,9
237,244,10
238,126,1
238,172,2
238,0,3
238,422,4
238,190,5
238,215,6
238,175,7
238,356,8
238,196,9
238,27,10
239,257,1
239,293,2
239,327,3
239,332,4
239,322,5
239,689,6
239,325,7
239,321,8
239,326,9
239,267,10
240,257,1
240,327,2
240,332,3
240,268,4
240,747,5
240,300,6
240,244,7
240,322,8
240,288,9
240,325,10
241,299,1
241,285,2
241,257,3
241,287,4
241,327,5
241,312,6
241,332,7
241,268,8
241,301,9
241,747,10
242,49,1
242,99,2
242,180,3
242,257,4
242,293,5
242,287,6
242,173,7
242,55,8
242,120,9
242,97,10
243,97,1
243,209,2
243,78,3
243,126,4
243,422,5
243,194,6
243,95,7
243,175,8
243,404,9
243,201,10
244,293,1
244,287,2
244,285,3
244,99,4
244,0,5
244,120,6
244,236,7
244,116,8
244,747,9
244,6,10
245,78,1
245,167,2
245,221,3
245,6,4
245,233,5
245,21,6
245,182,7
245,27,8
245,126,9
245,404,10
246,285,1
246,287,2
246,293,3
246,312,4
246,327,5
246,747,6
246,301,7
246,236,8
246,126,9
246,288,10
247,257,1
247,285,2
247,287,3
247,55,4
247,236,5
247,221,6
247,299,7
247,150,8
247,203,9
247,172,10
248,285,1
248,287,2
248,126,3
248,203,4
248,150,5
248,14,6
248,24,7
248,312,8
248,275,9
248,117,10
249,285,1
249,299,2
249,120,3
249,268,4
249,301,5
249,288,6
249,404,7
249,256,8
249,244,9
249,14,10
250,285,1
250,126,2
250,55,3
250,173,4
250,327,5
250,97,6
250,268,7
250,275,8
250,8,9
250,301,10
251,257,1
251,287,2
251,293,3
251,49,4
251,312,5
251,268,6
251,327,7
251,747,8
251,301,9
251,180,10
252,180,1
252,173,2
252,257,3
252,285,4
252,287,5
252,6,6
252,171,7
252,203,8
252,404,9
252,150,10
253,55,1
253,172,2
253,78,3
253,194,4
253,95,5
253,201,6
253,215,7
253,88,8
253,99,9
253,160,10
254,49,1
254,285,2
254,180,3
254,0,4
254,312,5
254,236,6
254,126,7
254,332,8
254,256,9
254,288,10
255,257,1
255,203,2
255,256,3
255,172,4
255,285,5
255,68,6
255,110,7
255,167,8
255,299,9
255,422,10
256,299,1
256,293,2
256,301,3
256,327,4
256,267,5
256,332,6
256,747,7
256,339,8
256,271,9
256,318,10
257,268,1
257,301,2
257,306,3
257,244,4
257,300,5
257,321,6
257,339,7
257,267,8
257,326,9
257,303,10
258,49,1
258,99,2
258,257,3
258,0,4
258,126,5
258,236,6
258,299,7
258,6,8
258,173,9
258,55,10
259,285,1
259,327,2
259,689,3
259,301,4
259,268,5
259,331,6
259,300,7
259,330,8
259,293,9
259,326,10
260,285,1
260,257,2
260,327,3
260,312,4
260,332,5
260,268,6
260,301,7
260,306,8
260,322,9
260,288,10
261,126,1
261,116,2
261,221,3
261,78,4
261,172,5
261,167,6
261,150,7
261,175,8
261,285,9
261,201,10
262,55,1
262,171,2
262,120,3
262,6,4
262,172,5
262,285,6
262,215,7
262,287,8
262,190,9
262,150,10
263,49,1
263,173,2
263,180,3
263,171,4
263,0,5
263,78,6
263,422,7
263,68,8
263,126,9
263,194,10
264,285,1
264,312,2
264,268,3
264,332,4
264,301,5
264,288,6
264,120,7
264,126,8
264,267,9
264,300,10
265,257,1
265,299,2
265,287,3
265,293,4
265,327,5
265,268,6
265,747,7
265,301,8
265,49,9
265,332,10
266,172,1
266,78,2
266,0,3
266,95,4
266,233,5
266,317,6
266,116,7
266,190,8
266,96,9
266,150,10
267,68,1
267,201,2
267,21,3
267,27,4
267,215,5
267,63,6
267,317,7
267,195,8
267,236,9
267,131,10
268,78,1
268,0,2
268,27,3
268,96,4
268,227,5
268,221,6
268,143,7
268,11,8
268,264,9
268,116,10
269,99,1
269,173,2
269,0,3
269,126,4
269,171,5
269,203,6
269,116,7
269,293,8
269,209,9
269,167,10
270,6,1
270,221,2
270,194,3
270,287,4
270,95,5
270,150,6
270,182,7
270,152,8
270,81,9
270,143,10
271,180,1
271,99,2
271,0,3
271,120,4
271,172,5
271,167,6
271,6,7
271,221,8
271,194,9
271,317,10
272,299,1
272,257,2
272,287,3
272,293,4
272,268,5
272,301,6
272,332,7
272,747,8
272,300,9
272,288,10
273,285,1
273,312,2
273,120,3
273,126,4
273,327,5
273,6,6
273,268,7
273,221,8
273,301,9
273,288,10
274,55,1
274,99,2
274,171,3
274,203,4
274,167,5
274,78,6
274,194,7
274,126,8
274,6,9
274,215,10
275,215,1
275,190,2
275,131,3
275,14,4
275,193,5
275,110,6
275,210,7
275,207,8
275,482,9
275,434,10
276,287,1
276,299,2
276,293,3
276,312,4
276,327,5
276,268,6
276,332,7
276,288,8
276,244,9
276,322,10
277,299,1
277,327,2
277,747,3
277,332,4
277,288,5
277,49,6
277,99,7
277,267,8
277,322,9
277,306,10
278,97,1
278,422,2
278,81,3
278,68,4
278,160,5
278,567,6
278,182,7
278,142,8
278,96,9
278,195,10
279,120,1
279,167,2
279,27,3
279,88,4
279,185,5
279,150,6
279,63,7
279,190,8
279,96,9
279,237,10
280,285,1
280,327,2
280,312,3
280,301,4
280,268,5
280,306,6
280,244,7
280,339,8
280,326,9
280,267,10
281,285,1
281,327,2
281,312,3
281,747,4
281,288,5
281,244,6
281,300,7
281,322,8
281,689,9
281,321,10
282,180,1
282,173,2
282,0,3
282,97,4
282,120,5
282,171,6
282,126,7
282,6,8
282,116,9
282,221,10
283,287,1
283,293,2
283,244,3
283,322,4
283,325,5
283,326,6
283,291,7
283,330,8
283,878,9
283,320,10
284,293,1
284,49,2
284,180,3
284,0,4
284,327,5
284,747,6
284,126,7
284,120,8
284,6,9
284,116,10
285,293,1
285,285,2
285,221,3
285,97,4
285,299,5
285,312,6
285,78,7
285,14,8
285,117,9
285,747,10
286,257,1
286,285,2
286,287,3
286,299,4
286,126,5
286,6,6
286,327,7
286,268,8
286,404,9
286,301,10
287,287,1
287,180,2
287,0,3
287,312,4
287,6,5
287,116,6
287,221,7
287,55,8
287,747,9
287,301,10
288,49,1
288,257,2
288,293,3
288,287,4
288,99,5
288,180,6
288,285,7
288,299,8
288,236,9
288,126,10
289,99,1
289,55,2
289,6,3
289,126,4
289,78,5
289,172,6
289,236,7
289,194,8
289,95,9
289,293,10
290,175,1
290,227,2
290,182,3
290,221,4
290,215,5
290,160,6
290,185,7
290,229,8
290,264,9
290,195,10
291,285,1
291,257,2
291,120,3
291,293,4
291,236,5
291,171,6
291,203,7
291,209,8
291,317,9
291,68,10
292,317,1
292,190,2
292,196,3
292,94,4
292,384,5
292,117,6
292,8,7
292,153,8
292,275,9
292,57,10
293,301,1
293,288,2
293,325,3
293,689,4
293,271,5
293,320,6
293,258,7
293,303,8
293,314,9
293,309,10
294,194,1
294,175,2
294,233,3
294,27,4
294,63,5
294,134,6
294,567,7
294,184,8
294,181,9
294,11,10
295,287,1
295,299,2
295,747,3
295,327,4
295,301,5
295,332,6
295,244,7
295,173,8
295,322,9
295,404,10
296,120,1
296,126,2
296,171,3
296,404,4
296,312,5
296,14,6
296,8,7
296,275,8
296,317,9
296,95,10
297,99,1
297,55,2
297,6,3
297,172,4
297,221,5
297,116,6
297,257,7
297,95,8
297,175,9
297,215,10
298,257,1
298,171,2
298,120,3
298,78,4
298,68,5
298,356,6
298,116,7
298,194,8
298,63,9
298,268,10
299,285,1
299,257,2
299,747,3
299,312,4
299,332,5
299,322,6
299,244,7
299,306,8
299,268,9
299,301,10
300,233,1
300,237,2
300,134,3
300,69,4
300,184,5
300,256,6
300,199,7
300,210,8
300,434,9
300,207,10
301,299,1
301,285,2
301,287,3
301,312,4
301,268,5
301,301,6
301,689,7
301,325,8
301,267,9
301,339,10
302,88,1
302,195,2
302,264,3
302,134,4
302,495,5
302,179,6
302,565,7
302,196,8
302,210,9
302,731,10
303,257,1
303,747,2
303,332,3
303,268,4
303,301,5
303,244,6
303,306,7
303,288,8
303,300,9
303,325,10
304,21,1
304,293,2
304,27,3
304,287,4
304,233,5
304,193,6
304,131,7
304,184,8
304,495,9
304,181,10
305,299,1
305,287,2
305,293,3
305,312,4
305,327,5
305,301,6
305,747,7
305,332,8
305,300,9
305,244,10
306,97,1
306,78,2
306,126,3
306,68,4
306,6,5
306,95,6
306,175,7
306,116,8
306,215,9
306,317,10
307,172,1
307,227,2
307,221,3
307,473,4
307,526,5
307,82,6
307,404,7
307,650,8
307,187,9
307,228,10
308,327,1
308,287,2
308,312,3
308,306,4
308,301,5
308,268,6
308,293,7
308,747,8
308,300,9
308,244,10
309,285,1
309,299,2
309,287,3
309,312,4
309,327,5
309,268,6
309,301,7
309,332,8
309,288,9
309,244,10
310,152,1
310,143,2
310,6,3
310,181,4
310,150,5
310,10,6
310,426,7
310,94,8
310,434,9
310,404,10
311,55,1
311,167,2
311,422,3
311,209,4
311,134,5
311,215,6
311,78,7
311,317,8
311,201,9
311,63,10
312,172,1
312,6,2
312,195,3
312,11,4
312,69,5
312,10,6
312,178,7
312,3,8
312,208,9
312,731,10
313,49,1
313,180,2
313,173,3
313,97,4
313,171,5
313,99,6
313,209,7
313,221,8
313,78,9
313,117,10
314,49,1
314,180,2
314,0,3
314,173,4
314,257,5
314,293,6
314,6,7
314,236,8
314,171,9
314,116,10
315,180,1
315,0,2
315,257,3
315,55,4
315,120,5
315,293,6
315,287,7
315,6,8
315,236,9
315,221,10
316,285,1
316,257,2
316,293,3
316,332,4
316,268,5
316,301,6
316,306,7
316,300,8
316,288,9
316,689,10
317,180,1
317,97,2
317,0,3
317,171,4
317,172,5
317,167,6
317,78,7
317,6,8
317,194,9
317,221,10
318,299,1
318,285,2
318,257,3
318,287,4
318,293,5
318,327,6
318,747,7
318,244,8
318,322,9
318,288,10
319,180,1
319,97,2
319,221,3
319,236,4
319,126,5
319,150,6
319,257,7
319,167,8
319,68,9
319,422,10
320,180,1
320,97,2
320,171,3
320,203,4
320,167,5
320,209,6
320,0,7
320,78,8
320,317,9
320,422,10
321,99,1
321,180,2
321,173,3
321,55,4
321,97,5
321,285,6
321,120,7
321,171,8
321,6,9
321,293,10
322,312,1
322,747,2
322,0,3
322,268,4
322,236,5
322,301,6
322,322,7
322,300,8
322,275,9
322,404,10
323,312,1
323,268,2
323,332,3
323,301,4
323,244,5
323,325,6
323,99,7
323,271,8
323,270,9
323,236,10
324,55,1
324,203,2
324,172,3
324,78,4
324,422,5
324,68,6
324,317,7
324,215,8
324,95,9
324,201,10
325,99,1
325,27,2
325,190,3
325,237,4
325,356,5
325,142,6
325,120,7
325,69,8
325,11,9
325,70,10
326,14,1
326,275,2
326,134,3
326,193,4
326,96,5
326,482,6
326,117,7
326,184,8
326,495,9
326,426,10
327,173,1
327,0,2
327,209,3
327,172,4
327,287,5
327,167,6
327,150,7
327,201,8
327,190,9
327,24,10
328,0,1
328,327,2
328,747,3
328,236,4
328,120,5
328,288,6
328,267,7
328,221,8
328,300,9
328,8,10
329,55,1
329,172,2
329,78,3
329,126,4
329,6,5
329,221,6
329,95,7
329,175,8
329,182,9
329,233,10
330,49,1
330,180,2
330,257,3
330,126,4
330,173,5
330,287,6
330,55,7
330,97,8
330,293,9
330,299,10
331,99,1
331,285,2
331,150,3
331,14,4
331,24,5
331,110,6
331,268,7
331,288,8
331,474,9
331,267,10
332,49,1
332,285,2
332,257,3
332,287,4
332,180,5
332,0,6
332,312,7
332,236,8
332,120,9
332,6,10
333,293,1
333,0,2
333,747,3
333,14,4
333,24,5
333,322,6
333,117,7
333,194,8
333,63,9
333,356,10
334,285,1
334,293,2
334,301,3
334,288,4
334,300,5
334,689,6
334,325,7
334,267,8
334,326,9
334,271,10
335,180,1
335,173,2
335,97,3
335,171,4
335,78,5
335,422,6
335,95,7
335,194,8
335,68,9
335,221,10
336,99,1
336,0,2
336,173,3
336,55,4
336,97,5
336,6,6
336,116,7
336,293,8
336,257,9
336,236,10
337,49,1
337,180,2
337,97,3
337,171,4
337,126,5
337,172,6
337,209,7
337,317,8
337,422,9
337,68,10
338,171,1
338,209,2
338,95,3
338,317,4
338,201,5
338,236,6
338,69,7
338,404,8
338,70,9
338,7,10
339,55,1
339,97,2
339,99,3
339,209,4
339,167,5
339,78,6
339,68,7
339,194,8
339,120,9
339,175,10
340,299,1
340,285,2
340,327,3
340,332,4
340,306,5
340,689,6
340,257,7
340,312,8
340,301,9
340,325,10
341,49,1
341,257,2
341,180,3
341,0,4
341,299,5
341,126,6
341,120,7
341,116,8
341,312,9
341,221,10
342,180,1
342,171,2
342,203,3
342,209,4
342,172,5
342,194,6
342,95,7
342,215,8
342,293,9
342,150,10
343,293,1
343,299,2
343,55,3
343,747,4
343,327,5
343,256,6
343,14,7
343,288,8
343,474,9
343,317,10
344,126,1
344,6,2
344,221,3
344,327,4
344,275,5
344,256,6
344,274,7
344,474,8
344,167,9
344,270,10
345,0,1
345,68,2
345,201,3
345,221,4
345,27,5
345,81,6
345,227,7
345,190,8
345,237,9
345,134,10
346,312,1
346,110,2
346,8,3
346,233,4
346,63,5
346,274,6
346,190,7
346,88,8
346,268,9
346,237,10
347,257,1
347,285,2
347,299,3
347,49,4
347,747,5
347,327,6
347,180,7
347,332,8
347,268,9
347,288,10
348,285,1
348,257,2
348,293,3
348,299,4
348,49,5
348,312,6
348,327,7
348,747,8
348,268,9
348,180,10
349,99,1
349,55,2
349,120,3
349,6,4
349,236,5
349,78,6
349,221,7
349,116,8
349,293,9
349,68,10
350,332,1
350,301,2
350,268,3
350,293,4
350,689,5
350,330,6
350,267,7
350,271,8
350,681,9
350,314,10
351,0,1
351,120,2
351,126,3
351,203,4
351,167,5
351,221,6
351,116,7
351,68,8
351,236,9
351,422,10
352,287,1
352,293,2
352,268,3
352,747,4
352,301,5
352,306,6
352,288,7
352,322,8
352,689,9
352,267,10
353,126,1
353,0,2
353,287,3
353,293,4
353,55,5
353,299,6
353,236,7
353,120,8
353,171,9
353,203,10
354,332,1
354,689,2
354,301,3
354,312,4
354,331,5
354,268,6
354,325,7
354,330,8
354,257,9
354,300,10
355,268,1
355,301,2
355,300,3
355,244,4
355,322,5
355,689,6
355,288,7
355,339,8
355,326,9
355,331,10
356,287,1
356,285,2
356,299,3
356,49,4
356,99,5
356,312,6
356,327,7
356,180,8
356,322,9
356,268,10
357,169,1
357,196,2
357,513,3
357,482,4
357,85,5
357,461,6
357,729,7
357,602,8
357,133,9
357,190,10
358,257,1
358,293,2
358,287,3
358,299,4
358,99,5
358,327,6
358,236,7
358,268,8
358,126,9
358,301,10
359,287,1
359,293,2
359,299,3
359,312,4
359,120,5
359,6,6
359,116,7
359,97,8
359,8,9
359,275,10
360,180,1
360,173,2
360,0,3
360,171,4
360,126,5
360,209,6
360,6,7
360,68,8
360,422,9
360,317,10
361,285,1
361,268,2
361,306,3
361,288,4
361,300,5
361,689,6
361,325,7
361,339,8
361,326,9
361,271,10
362,317,1
362,293,2
362,201,3
362,63,4
362,190,5
362,285,6
362,134,7
362,356,8
362,131,9
362,14,10
363,299,1
363,257,2
363,327,3
363,312,4
363,332,5
363,747,6
363,306,7
363,244,8
363,322,9
363,300,10
364,285,1
364,299,2
364,312,3
364,327,4
364,747,5
364,301,6
364,332,7
364,244,8
364,322,9
364,306,10
365,173,1
365,49,2
365,203,3
365,171,4
365,180,5
365,209,6
365,167,7
365,422,8
365,172,9
365,78,10
366,180,1
366,0,2
366,120,3
366,173,4
366,116,5
366,293,6
366,171,7
366,221,8
366,126,9
366,236,10
367,173,1
367,171,2
367,203,3
367,209,4
367,167,5
367,0,6
367,172,7
367,78,8
367,120,9
367,422,10
368,285,1
368,299,2
368,257,3
368,287,4
368,293,5
368,312,6
368,327,7
368,268,8
368,301,9
368,747,10
369,0,1
369,126,2
369,203,3
369,120,4
369,167,5
369,78,6
369,6,7
369,317,8
369,68,9
369,215,10
370,99,1
370,55,2
370,171,3
370,120,4
370,172,5
370,167,6
370,194,7
370,6,8
370,95,9
370,221,10
371,49,1
371,180,2
371,257,3
371,293,4
371,0,5
371,120,6
371,299,7
371,116,8
371,236,9
371,126,10
372,55,1
372,97,2
372,175,3
372,182,4
372,233,5
372,0,6
372,120,7
372,184,8
372,221,9
372,6,10
373,257,1
373,285,2
373,299,3
373,747,4
373,312,5
373,21,6
373,327,7
373,507,8
373,244,9
373,274,10
374,49,1
374,173,2
374,180,3
374,55,4
374,97,5
374,171,6
374,99,7
374,203,8
374,209,9
374,167,10
375,49,1
375,285,2
375,257,3
375,293,4
375,299,5
375,0,6
375,126,7
375,312,8
375,120,9
375,6,10
376,285,1
376,299,2
376,49,3
376,327,4
376,180,5
376,268,6
376,0,7
376,301,8
376,236,9
376,332,10
377,167,1
377,126,2
377,227,3
377,356,4
377,184,5
377,426,6
377,482,7
377,210,8
377,207,9
377,186,10
378,422,1
378,317,2
378,120,3
378,21,4
378,221,5
378,131,6
378,227,7
378,116,8
378,69,9
378,181,10
379,55,1
379,209,2
379,172,3
379,194,4
379,126,5
379,215,6
379,95,7
379,190,8
379,201,9
379,152,10
380,180,1
380,173,2
380,285,3
380,55,4
380,126,5
380,97,6
380,257,7
380,287,8
380,6,9
380,171,10
381,180,1
381,293,2
381,287,3
381,0,4
381,299,5
381,120,6
381,236,7
381,173,8
381,116,9
381,312,10
382,49,1
382,180,2
382,173,3
382,0,4
382,257,5
382,126,6
382,55,7
382,97,8
382,293,9
382,120,10
383,287,1
383,293,2
383,268,3
383,306,4
383,244,5
383,322,6
383,300,7
383,689,8
383,325,9
383,321,10
384,68,1
384,63,2
384,27,3
384,178,4
384,95,5
384,69,6
384,201,7
384,21,8
384,0,9
384,96,10
385,257,1
385,293,2
385,287,3
385,285,4
385,299,5
385,99,6
385,0,7
385,312,8
385,747,9
385,236,10
386,215,1
386,236,2
386,233,3
386,404,4
386,131,5
386,69,6
386,184,7
386,482,8
386,142,9
386,426,10
387,285,1
387,49,2
387,747,3
387,180,4
387,268,5
387,244,6
387,288,7
387,126,8
387,267,9
387,6,10
388,194,1
388,95,2
388,182,3
388,88,4
388,317,5
388,21,6
388,96,7
388,356,8
388,227,9
388,654,10
389,287,1
389,293,2
389,312,3
389,268,4
389,747,5
389,332,6
389,244,7
389,306,8
389,322,9
389,300,10
390,180,1
390,0,2
390,120,3
390,6,4
390,171,5
390,116,6
390,209,7
390,78,8
390,150,9
390,404,10
391,99,1
391,747,2
391,0,3
391,236,4
391,300,5
391,244,6
391,120,7
391,6,8
391,321,9
391,306,10
392,173,1
392,97,2
392,175,3
392,150,4
392,233,5
392,126,6
392,182,7
392,215,8
392,229,9
392,237,10
393,99,1
393,233,2
393,126,3
393,317,4
393,63,5
393,190,6
393,195,7
393,152,8
393,236,9
393,70,10
394,293,1
394,116,2
394,6,3
394,221,4
394,268,5
394,404,6
394,55,7
394,275,8
394,301,9
394,8,10
395,257,1
395,293,2
395,285,3
395,747,4
395,312,5
395,49,6
395,268,7
395,288,8
395,180,9
395,301,10
396,257,1
396,293,2
396,299,3
396,268,4
396,0,5
396,236,6
396,327,7
396,120,8
396,221,9
396,332,10
397,97,1
397,209,2
397,194,3
397,120,4
397,317,5
397,21,6
397,88,7
397,6,8
397,221,9
397,237,10
398,201,1
398,182,2
398,215,3
398,88,4
398,6,5
398,190,6
398,134,7
398,87,8
398,356,9
398,193,10
399,332,1
399,301,2
399,244,3
399,288,4
399,321,5
399,267,6
399,325,7
399,339,8
399,326,9
399,271,10
400,257,1
400,55,2
400,97,3
400,287,4
400,6,5
400,221,6
400,78,7
400,299,8
400,194,9
400,422,10
401,293,1
401,287,2
401,299,3
401,120,4
401,312,5
401,268,6
401,327,7
401,404,8
401,173,9
401,55,10
402,293,1
402,285,2
402,299,3
402,312,4
402,327,5
402,268,6
402,322,7
402,244,8
402,288,9
402,301,10
403,325,1
403,321,2
403,339,3
403,267,4
403,303,5
403,314,6
403,291,7
403,320,8
403,270,9
403,318,10
404,966,1
404,1472,2
404,1202,3
404,629,4
404,967,5
404,1115,6
404,612,7
404,1123,8
404,1410,9
404,1132,10
405,422,1
405,81,2
405,264,3
405,160,4
405,567,5
405,602,6
405,199,7
405,384,8
405,229,9
405,402,10
406,78,1
406,21,2
406,317,3
406,63,4
406,236,5
406,11,6
406,10,7
406,434,8
406,293,9
406,14,10
407,268,1
407,332,2
407,306,3
407,288,4
407,300,5
407,244,6
407,322,7
407,689,8
407,325,9
407,339,10
408,257,1
408,268,2
408,55,3
408,0,4
408,301,5
408,312,6
408,293,7
408,236,8
408,6,9
408,85,10
409,287,1
409,293,2
409,332,3
409,301,4
409,306,5
409,300,6
409,244,7
409,325,8
409,326,9
409,321,10
410,99,1
410,97,2
410,203,3
410,120,4
410,172,5
410,126,6
410,422,7
410,68,8
410,175,9
410,95,10
411,49,1
411,180,2
411,99,3
411,97,4
411,120,5
411,126,6
411,203,7
411,209,8
411,78,9
411,167,10
412,287,1
412,293,2
412,312,3
412,747,4
412,322,5
412,267,6
412,321,7
412,339,8
412,0,9
412,271,10
413,285,1
413,327,2
413,268,3
413,332,4
413,288,5
413,244,6
413,322,7
413,306,8
413,267,9
413,49,10
414,49,1
414,99,2
414,180,3
414,285,4
414,0,5
414,293,6
414,287,7
414,126,8
414,120,9
414,97,10
415,221,1
415,88,2
415,227,3
415,185,4
415,507,5
415,134,6
415,270,7
415,179,8
415,409,9
415,482,10
416,203,1
416,21,2
416,27,3
416,317,4
416,70,5
416,142,6
416,87,7
416,236,8
416,193,9
416,228,10
417,285,1
417,293,2
417,306,3
417,747,4
417,689,5
417,288,6
417,244,7
417,339,8
417,325,9
417,322,10
418,257,1
418,126,2
418,293,3
418,55,4
418,287,5
418,97,6
418,120,7
418,236,8
418,6,9
418,116,10
419,257,1
419,299,2
419,293,3
419,49,4
419,312,5
419,268,6
419,327,7
419,747,8
419,180,9
419,288,10
420,180,1
420,0,2
420,120,3
420,257,4
420,285,5
420,203,6
420,236,7
420,293,8
420,209,9
420,221,10
421,299,1
421,120,2
421,312,3
421,747,4
421,327,5
421,404,6
421,268,7
421,244,8
421,288,9
421,55,10
422,287,1
422,293,2
422,288,3
422,300,4
422,267,5
422,331,6
422,270,7
422,320,8
422,318,9
422,330,10
423,327,1
423,312,2
423,747,3
423,268,4
423,301,5
423,244,6
423,306,7
423,300,8
423,267,9
423,321,10
424,236,1
424,150,2
424,327,3
424,14,4
424,24,5
424,275,6
424,8,7
424,110,8
424,172,9
424,741,10
425,55,1
425,171,2
425,422,3
425,209,4
425,172,5
425,215,6
425,194,7
425,68,8
425,78,9
425,175,10
426,332,1
426,306,2
426,287,3
426,689,4
426,312,5
426,268,6
426,300,7
426,325,8
426,747,9
426,293,10
427,257,1
427,327,2
427,332,3
427,747,4
427,326,5
427,291,6
427,303,7
427,681,8
427,320,9
427,318,10
428,134,1
428,214,2
428,174,3
428,587,4
428,186,5
428,473,6
428,450,7
428,401,8
428,238,9
428,659,10
429,312,1
429,0,2
429,268,3
429,288,4
429,267,5
429,332,6
429,244,7
429,322,8
429,300,9
429,256,10
430,257,1
430,287,2
430,312,3
430,332,4
430,288,5
430,300,6
430,325,7
430,267,8
430,339,9
430,271,10
431,285,1
431,747,2
431,327,3
431,268,4
431,126,5
431,322,6
431,244,7
431,301,8
431,288,9
431,332,10
432,257,1
432,287,2
432,312,3
432,99,4
432,327,5
432,288,6
432,180,7
432,0,8
432,236,9
432,300,10
433,293,1
433,257,2
433,299,3
433,285,4
433,49,5
433,99,6
433,747,7
433,327,8
433,312,9
433,180,10
434,236,1
434,96,2
434,237,3
434,142,4
434,69,5
434,87,6
434,179,7
434,196,8
434,482,9
434,275,10
435,180,1
435,55,2
435,99,3
435,209,4
435,0,5
435,120,6
435,172,7
435,78,8
435,194,9
435,68,10
436,0,1
436,95,2
436,126,3
436,21,4
436,63,5
436,356,6
436,6,7
436,221,8
436,193,9
436,227,10
437,257,1
437,293,2
437,287,3
437,312,4
437,747,5
437,327,6
437,301,7
437,116,8
437,126,9
437,288,10
438,285,1
438,257,2
438,293,3
438,312,4
438,327,5
438,747,6
438,49,7
438,268,8
438,301,9
438,332,10
439,285,1
439,268,2
439,301,3
439,287,4
439,332,5
439,306,6
439,300,7
439,293,8
439,288,9
439,302,10
440,285,1
440,257,2
440,327,3
440,49,4
440,747,5
440,268,6
440,301,7
440,332,8
440,244,9
440,288,10
441,49,1
441,0,2
441,126,3
441,172,4
441,236,5
441,422,6
441,150,7
441,201,8
441,215,9
441,182,10
442,299,1
442,287,2
442,327,3
442,301,4
442,49,5
442,288,6
442,99,7
442,300,8
442,267,9
442,321,10
443,287,1
443,293,2
443,301,3
443,332,4
443,288,5
443,300,6
443,322,7
443,689,8
443,339,9
443,325,10
444,285,1
444,257,2
444,293,3
444,327,4
444,268,5
444,322,6
444,300,7
444,306,8
444,321,9
444,325,10
445,257,1
445,312,2
445,332,3
445,322,4
445,309,5
445,271,6
445,330,7
445,303,8
445,749,9
445,314,10
446,126,1
446,171,2
446,312,3
446,209,4
446,172,5
446,167,6
446,327,7
446,124,8
446,317,9
446,194,10
447,299,1
447,327,2
447,689,3
447,312,4
447,325,5
447,309,6
447,331,7
447,293,8
447,288,9
447,747,10
448,257,1
448,299,2
448,293,3
448,312,4
448,49,5
448,301,6
448,327,7
448,288,8
448,180,9
448,300,10
449,7,1
449,174,2
449,208,3
449,683,4
449,30,5
449,41,6
449,256,7
449,54,8
449,155,9
449,67,10
450,312,1
450,309,2
450,339,3
450,749,4
450,271,5
450,314,6
450,343,7
450,338,8
450,897,9
450,311,10
451,55,1
451,0,2
451,175,3
451,27,4
451,356,5
451,221,6
451,237,7
451,11,8
451,116,9
451,150,10
452,0,1
452,120,2
452,172,3
452,221,4
452,126,5
452,194,6
452,95,7
452,175,8
452,404,9
452,215,10
453,126,1
453,6,2
453,167,3
453,215,4
453,293,5
453,175,6
453,287,7
453,182,8
453,150,9
453,404,10
454,293,1
454,150,2
454,209,3
454,167,4
454,747,5
454,194,6
454,110,7
454,215,8
454,327,9
454,201,10
455,172,1
455,194,2
455,6,3
455,175,4
455,95,5
455,317,6
455,116,7
455,182,8
455,27,9
455,236,10
456,152,1
456,495,2
456,70,3
456,94,4
456,426,5
456,210,6
456,434,7
456,186,8
456,285,9
456,602,10
457,257,1
457,293,2
457,299,3
457,221,4
457,312,5
457,171,6
457,268,7
457,150,8
457,14,9
457,256,10
458,287,1
458,312,2
458,268,3
458,236,4
458,301,5
458,267,6
458,275,7
458,8,8
458,325,9
458,271,10
459,299,1
459,327,2
459,268,3
459,332,4
459,747,5
459,322,6
459,267,7
459,339,8
459,689,9
459,325,10
460,285,1
460,299,2
460,287,3
460,327,4
460,332,5
460,288,6
460,99,7
460,244,8
460,322,9
460,300,10
461,285,1
461,257,2
461,293,3
461,747,4
461,268,5
461,301,6
461,332,7
461,244,8
461,306,9
461,300,10
462,299,1
462,293,2
462,327,3
462,747,4
462,332,5
462,244,6
462,322,7
462,288,8
462,306,9
462,321,10
463,312,1
463,99,2
463,244,3
463,322,4
463,267,5
463,236,6
463,0,7
463,339,8
463,271,9
463,270,10
464,203,1
464,209,2
464,167,3
464,172,4
464,120,5
464,78,6
464,68,7
464,194,8
464,175,9
464,95,10
465,285,1
465,99,2
465,288,3
465,244,4
465,0,5
465,322,6
465,236,7
465,300,8
465,306,9
465,321,10
466,285,1
466,293,2
466,299,3
466,312,4
466,327,5
466,747,6
466,236,7
466,288,8
466,332,9
466,120,10
467,287,1
467,209,2
467,78,3
467,150,4
467,167,5
467,299,6
467,175,7
467,201,8
467,182,9
467,27,10
468,173,1
468,49,2
468,97,3
468,55,4
468,203,5
468,171,6
468,180,7
468,99,8
468,209,9
468,422,10
469,299,1
469,312,2
469,327,3
469,268,4
469,747,5
469,301,6
469,332,7
469,288,8
469,244,9
469,322,10
470,173,1
470,180,2
470,55,3
470,97,4
470,203,5
470,209,6
470,99,7
470,167,8
470,172,9
470,78,10
471,97,1
471,126,2
471,236,3
471,88,4
471,143,5
471,237,6
471,152,7
471,24,8
471,356,9
471,181,10
472,285,1
472,299,2
472,257,3
472,287,4
472,293,5
472,312,6
472,268,7
472,327,8
472,747,9
472,332,10
473,0,1
473,201,2
473,152,3
473,81,4
473,227,5
473,143,6
473,567,7
473,94,8
473,132,9
473,153,10
474,299,1
474,287,2
474,293,3
474,327,4
474,747,5
474,332,6
474,288,7
474,300,8
474,244,9
474,306,10
475,173,1
475,49,2
475,97,3
475,180,4
475,171,5
475,422,6
475,78,7
475,194,8
475,68,9
475,95,10
476,49,1
476,180,2
476,99,3
476,0,4
476,120,5
476,173,6
476,55,7
476,257,8
476,116,9
476,6,10
477,180,1
477,173,2
477,55,3
477,120,4
477,171,5
477,126,6
477,116,7
477,209,8
477,172,9
477,293,10
478,55,1
478,236,2
478,6,3
478,97,4
478,312,5
478,68,6
478,24,7
478,8,8
478,275,9
478,63,10
479,180,1
479,0,2
479,285,3
479,120,4
479,6,5
479,287,6
479,203,7
479,221,8
479,116,9
479,172,10
480,173,1
480,55,2
480,0,3
480,171,4
480,120,5
480,126,6
480,167,7
480,78,8
480,68,9
480,6,10
481,299,1
481,332,2
481,301,3
481,322,4
481,306,5
481,267,6
481,321,7
481,325,8
481,689,9
481,339,10
482,99,1
482,293,2
482,287,3
482,126,4
482,299,5
482,6,6
482,116,7
482,173,8
482,55,9
482,97,10
483,99,1
483,126,2
483,287,3
483,63,4
483,285,5
483,190,6
483,11,7
483,117,8
483,237,9
483,356,10
484,299,1
484,257,2
484,332,3
484,689,4
484,322,5
484,339,6
484,326,7
484,267,8
484,321,9
484,331,10
485,312,1
485,322,2
485,325,3
485,339,4
485,309,5
485,271,6
485,314,7
485,749,8
485,270,9
485,681,10
486,6,1
486,126,2
486,167,3
486,150,4
486,233,5
486,88,6
486,185,7
486,117,8
486,227,9
486,14,10
487,120,1
487,6,2
487,236,3
487,116,4
487,203,5
487,150,6
487,194,7
487,422,8
487,201,9
487,24,10
488,689,1
488,343,2
488,304,3
488,989,4
488,936,5
488,310,6
488,881,7
488,241,8
488,305,9
488,328,10
489,299,1
489,287,2
489,293,3
489,312,4
489,327,5
489,747,6
489,268,7
489,244,8
489,322,9
489,300,10
490,287,1
490,299,2
490,49,3
490,312,4
490,268,5
490,180,6
490,301,7
490,327,8
490,0,9
490,747,10
491,49,1
491,180,2
491,173,3
491,97,4
491,0,5
491,203,6
491,167,7
491,172,8
491,209,9
491,120,10
492,285,1
492,293,2
492,236,3
492,312,4
492,747,5
492,268,6
492,14,7
492,275,8
492,8,9
492,301,10
493,257,1
493,287,2
493,6,3
493,312,4
493,116,5
493,55,6
493,268,7
493,404,8
493,327,9
493,275,10
494,27,1
494,21,2
494,96,3
494,237,4
494,317,5
494,99,6
494,193,7
494,69,8
494,587,9
494,11,10
495,209,1
495,422,2
495,78,3
495,68,4
495,175,5
495,99,6
495,201,7
495,215,8
495,233,9
495,0,10
496,68,1
496,63,2
496,317,3
496,116,4
496,195,5
496,237,6
496,190,7
496,131,8
496,142,9
496,134,10
497,285,1
497,0,2
497,293,3
497,172,4
497,317,5
497,116,6
497,68,7
497,215,8
497,194,9
497,95,10
498,285,1
498,293,2
498,287,3
498,0,4
498,120,5
498,236,6
498,221,7
498,268,8
498,171,9
498,203,10
499,126,1
499,287,2
499,221,3
499,78,4
499,172,5
499,317,6
499,194,7
499,95,8
499,21,9
499,175,10
500,285,1
500,257,2
500,299,3
500,327,4
500,747,5
500,49,6
500,268,7
500,332,8
500,322,9
500,301,10
501,285,1
501,747,2
501,301,3
501,268,4
501,244,5
501,288,6
501,689,7
501,325,8
501,321,9
501,331,10
502,55,1
502,257,2
502,6,3
502,293,4
502,221,5
502,287,6
502,116,7
502,194,8
502,190,9
502,95,10
503,171,1
503,172,2
503,78,3
503,21,4
503,88,5
503,227,6
503,0,7
503,63,8
503,190,9
503,567,10
504,99,1
504,221,2
504,167,3
504,404,4
504,317,5
504,215,6
504,287,7
504,233,8
504,27,9
504,285,10
505,97,1
505,99,2
505,0,3
505,120,4
505,126,5
505,6,6
505,317,7
505,21,8
505,116,9
505,63,10
506,285,1
506,288,2
506,300,3
506,321,4
506,325,5
506,267,6
506,339,7
506,326,8
506,331,9
506,271,10
507,99,1
507,55,2
507,126,3
507,6,4
507,21,5
507,201,6
507,27,7
507,116,8
507,63,9
507,88,10
508,285,1
508,312,2
508,268,3
508,747,4
508,332,5
508,322,6
508,321,7
508,339,8
508,326,9
508,271,10
509,327,1
509,306,2
509,301,3
509,268,4
509,300,5
509,689,6
509,326,7
509,331,8
509,339,9
509,267,10
510,285,1
510,257,2
510,327,3
510,306,4
510,301,5
510,268,6
510,747,7
510,689,8
510,300,9
510,244,10
511,287,1
511,293,2
511,99,3
511,299,4
511,180,5
511,126,6
511,236,7
511,120,8
511,6,9
511,268,10
512,293,1
512,99,2
512,287,3
512,285,4
512,0,5
512,299,6
512,236,7
512,6,8
512,312,9
512,747,10
513,285,1
513,55,2
513,120,3
513,126,4
513,287,5
513,116,6
513,299,7
513,150,8
513,8,9
513,275,10
514,332,1
514,300,2
514,244,3
514,326,4
514,330,5
514,267,6
514,271,7
514,878,8
514,320,9
514,302,10
515,99,1
515,0,2
515,173,3
515,55,4
515,257,5
515,97,6
515,126,7
515,120,8
515,293,9
515,6,10
516,285,1
516,287,2
516,99,3
516,312,4
516,120,5
516,6,6
516,322,7
516,244,8
516,301,9
516,288,10
517,257,1
517,285,2
517,293,3
517,49,4
517,312,5
517,747,6
517,327,7
517,180,8
517,268,9
517,322,10
518,689,1
518,299,2
518,306,3
518,358,4
518,881,5
518,330,6
518,343,7
518,989,8
518,291,9
518,937,10
519,257,1
519,287,2
519,327,3
519,312,4
519,747,5
519,332,6
519,244,7
519,322,8
519,306,9
519,300,10
520,97,1
520,293,2
520,236,3
520,285,4
520,317,5
520,14,6
520,233,7
520,117,8
520,63,9
520,110,10
521,49,1
521,173,2
521,180,3
521,55,4
521,97,5
521,171,6
521,203,7
521,209,8
521,0,9
521,422,10
522,99,1
522,173,2
522,97,3
522,126,4
522,285,5
522,120,6
522,171,7
522,6,8
522,236,9
522,293,10
523,0,1
523,175,2
523,120,3
523,182,4
523,27,5
523,201,6
523,356,7
523,152,8
523,195,9
523,654,10
524,257,1
524,285,2
524,293,3
524,49,4
524,312,5
524,747,6
524,327,7
524,116,8
524,322,9
524,244,10
525,285,1
525,288,2
525,267,3
525,321,4
525,339,5
525,325,6
525,236,7
525,326,8
525,320,9
525,318,10
526,97,1
526,0,2
526,172,3
526,78,4
526,120,5
526,194,6
526,215,7
526,221,8
526,88,9
526,236,10
527,99,1
527,0,2
527,97,3
527,120,4
527,126,5
527,171,6
527,6,7
527,116,8
527,236,9
527,221,10
528,312,1
528,301,2
528,747,3
528,288,4
528,271,5
528,303,6
528,878,7
528,314,8
528,677,9
528,749,10
529,257,1
529,285,2
529,0,3
529,293,4
529,287,5
529,120,6
529,126,7
529,6,8
529,116,9
529,299,10
530,257,1
530,327,2
530,293,3
530,332,4
530,306,5
530,268,6
530,300,7
530,325,8
530,339,9
530,321,10
531,49,1
531,293,2
531,257,3
531,287,4
531,285,5
531,236,6
531,747,7
531,221,8
531,404,9
531,327,10
532,6,1
532,78,2
532,172,3
532,268,4
532,182,5
532,88,6
532,301,7
532,237,8
532,10,9
532,272,10
533,257,1
533,49,2
533,99,3
533,312,4
533,327,5
533,180,6
533,322,7
533,244,8
533,268,9
533,288,10
534,126,1
534,68,2
534,215,3
534,190,4
534,175,5
534,182,6
534,95,7
534,27,8
534,88,9
534,201,10
535,99,1
535,172,2
535,215,3
535,201,4
535,88,5
535,185,6
535,126,7
535,63,8
535,6,9
535,237,10
536,8,1
536,152,2
536,256,3
536,7,4
536,143,5
536,747,6
536,117,7
536,124,8
536,741,9
536,281,10
537,0,1
537,6,2
537,221,3
537,150,4
537,63,5
537,285,6
537,287,7
537,185,8
537,134,9
537,356,10
538,99,1
538,180,2
538,0,3
538,173,4
538,293,5
538,287,6
538,97,7
538,120,8
538,236,9
538,6,10
539,287,1
539,312,2
539,747,3
539,327,4
539,236,5
539,301,6
539,288,7
539,126,8
539,267,9
539,300,10
540,55,1
540,97,2
540,194,3
540,99,4
540,68,5
540,95,6
540,175,7
540,201,8
540,182,9
540,21,10
541,173,1
541,97,2
541,6,3
541,116,4
541,221,5
541,78,6
541,95,7
541,175,8
541,404,9
541,150,10
542,49,1
542,180,2
542,99,3
542,171,4
542,172,5
542,0,6
542,126,7
542,120,8
542,131,9
542,6,10
543,332,1
543,268,2
543,306,3
543,244,4
543,288,5
543,689,6
543,321,7
543,339,8
543,267,9
543,271,10
544,55,1
544,99,2
544,215,3
544,185,4
544,6,5
544,317,6
544,63,7
544,126,8
544,190,9
544,237,10
545,0,1
545,747,2
545,327,3
545,236,4
545,116,5
545,126,6
545,322,7
545,244,8
545,268,9
545,404,10
546,285,1
546,299,2
546,287,3
546,747,4
546,306,5
546,244,6
546,322,7
546,689,8
546,267,9
546,321,10
547,268,1
547,288,2
547,267,3
547,300,4
547,320,5
547,258,6
547,318,7
547,331,8
547,303,9
547,878,10
548,293,1
548,285,2
548,299,3
548,312,4
548,327,5
548,116,6
548,6,7
548,268,8
548,221,9
548,244,10
549,285,1
549,332,2
549,268,3
549,301,4
549,244,5
549,288,6
549,306,7
549,321,8
549,99,9
549,267,10
550,0,1
550,172,2
550,150,3
550,256,4
550,190,5
550,193,6
550,495,7
550,7,8
550,587,9
550,426,10
551,327,1
551,312,2
551,244,3
551,332,4
551,268,5
551,288,6
551,301,7
551,306,8
551,267,9
551,677,10
552,203,1
552,171,2
552,167,3
552,209,4
552,172,5
552,78,6
552,68,7
552,194,8
552,215,9
552,317,10
553,257,1
553,126,2
553,209,3
553,167,4
553,194,5
553,95,6
553,24,7
553,299,8
553,175,9
553,256,10
554,285,1
554,293,2
554,299,3
554,0,4
554,312,5
554,236,6
554,126,7
554,221,8
554,288,9
554,275,10
555,49,1
555,99,2
555,257,3
555,180,4
555,0,5
555,299,6
555,236,7
555,120,8
555,312,9
555,6,10
556,285,1
556,257,2
556,312,3
556,327,4
556,301,5
556,747,6
556,332,7
556,300,8
556,244,9
556,322,10
557,299,1
557,257,2
557,287,3
557,293,4
557,312,5
557,327,6
557,301,7
557,747,8
557,332,9
557,288,10
558,49,1
558,180,2
558,99,3
558,97,4
558,0,5
558,171,6
558,120,7
558,6,8
558,172,9
558,257,10
559,285,1
559,293,2
559,299,3
559,312,4
559,236,5
559,268,6
559,747,7
559,116,8
559,327,9
559,288,10
560,126,1
560,81,2
560,236,3
560,264,4
560,160,5
560,526,6
560,186,7
560,207,8
560,133,9
560,82,10
561,99,1
561,171,2
561,120,3
561,209,4
561,167,5
561,68,6
561,422,7
561,194,8
561,6,9
561,175,10
562,99,1
562,257,2
562,0,3
562,287,4
562,120,5
562,285,6
562,116,7
562,126,8
562,6,9
562,173,10
563,285,1
563,287,2
563,293,3
563,327,4
563,747,5
563,268,6
563,306,7
563,300,8
563,321,9
563,267,10
564,173,1
564,97,2
564,196,3
564,55,4
564,203,5
564,190,6
564,482,7
564,134,8
564,317,9
564,167,10
565,173,1
565,0,2
565,78,3
565,194,4
565,175,5
565,215,6
565,182,7
565,27,8
565,221,9
565,236,10
566,97,1
566,171,2
566,203,3
566,209,4
566,68,5
566,215,6
566,120,7
566,63,8
566,27,9
566,21,10
567,173,1
567,49,2
567,97,3
567,180,4
567,203,5
567,171,6
567,167,7
567,317,8
567,172,9
567,209,10
568,312,1
568,268,2
568,180,3
568,288,4
568,244,5
568,322,6
568,126,7
568,321,8
568,306,9
568,677,10
569,299,1
569,293,2
569,312,3
569,327,4
569,268,5
569,332,6
569,306,7
569,322,8
569,321,9
569,271,10
570,49,1
570,99,2
570,97,3
570,55,4
570,171,5
570,203,6
570,167,7
570,209,8
570,0,9
570,172,10
571,257,1
571,287,2
571,293,3
571,312,4
571,268,5
571,327,6
571,301,7
571,747,8
571,332,9
571,49,10
572,180,1
572,99,2
572,55,3
572,97,4
572,0,5
572,171,6
572,203,7
572,120,8
572,209,9
572,172,10
573,312,1
573,293,2
573,306,3
573,300,4
573,747,5
573,325,6
573,322,7
573,321,8
573,291,9
573,303,10
574,99,1
574,0,2
574,257,3
574,285,4
574,173,5
574,120,6
574,287,7
574,55,8
574,236,9
574,6,10
575,285,1
575,257,2
575,287,3
575,299,4
575,312,5
575,747,6
575,120,7
575,126,8
575,327,9
575,268,10
576,194,1
576,88,2
576,221,3
576,143,4
576,126,5
576,237,6
576,152,7
576,134,8
576,356,9
576,184,10
577,285,1
577,327,2
577,747,3
577,268,4
577,332,5
577,301,6
577,288,7
577,306,8
577,300,9
577,49,10
578,180,1
578,120,2
578,126,3
578,173,4
578,236,5
578,116,6
578,221,7
578,299,8
578,171,9
578,404,10
579,312,1
579,327,2
579,268,3
579,332,4
579,244,5
579,301,6
579,236,7
579,116,8
579,267,9
579,300,10
580,285,1
580,299,2
580,257,3
580,287,4
580,293,5
580,312,6
580,301,7
580,327,8
580,332,9
580,747,10
581,285,1
581,322,2
581,244,3
581,301,4
581,332,5
581,288,6
581,126,7
581,321,8
581,300,9
581,275,10
582,49,1
582,180,2
582,173,3
582,55,4
582,97,5
582,0,6
582,171,7
582,203,8
582,126,9
582,120,10
583,99,1
583,173,2
583,0,3
583,55,4
583,97,5
583,120,6
583,126,7
583,203,8
583,6,9
583,116,10
584,957,1
584,752,2
584,953,3
584,511,4
584,5,5
584,810,6
584,961,7
584,781,8
584,1165,9
584,1098,10
585,97,1
585,99,2
585,0,3
585,167,4
585,6,5
585,215,6
585,150,7
585,88,8
585,63,9
585,190,10
586,343,1
586,345,2
586,897,3
586,298,4
586,310,5
586,241,6
586,305,7
586,750,8
586,989,9
586,881,10
587,194,1
587,95,2
587,175,3
587,126,4
587,182,5
587,404,6
587,88,7
587,63,8
587,190,9
587,227,10
588,747,1
588,268,2
588,301,3
588,244,4
588,291,5
588,330,6
588,314,7
588,320,8
588,749,9
588,318,10
589,257,1
589,299,2
589,287,3
589,293,4
589,312,5
589,327,6
589,747,7
589,268,8
589,49,9
589,301,10
590,49,1
590,180,2
590,173,3
590,97,4
590,0,5
590,172,6
590,120,7
590,422,8
590,68,9
590,317,10
591,299,1
591,689,2
591,320,3
591,303,4
591,309,5
591,878,6
591,274,7
591,269,8
591,24,9
591,110,10
592,126,1
592,6,2
592,221,3
592,257,4
592,293,5
592,167,6
592,150,7
592,194,8
592,95,9
592,175,10
593,257,1
593,299,2
593,287,3
593,293,4
593,312,5
593,327,6
593,747,7
593,301,8
593,0,9
593,288,10
594,299,1
594,285,2
594,327,3
594,312,4
594,322,5
594,332,6
594,244,7
594,268,8
594,301,9
594,306,10
595,747,1
595,268,2
595,301,3
595,332,4
595,244,5
595,99,6
595,300,7
595,306,8
595,267,9
595,321,10
596,257,1
596,287,2
596,312,3
596,268,4
596,332,5
596,301,6
596,244,7
596,99,8
596,300,9
596,306,10
597,287,1
597,293,2
597,327,3
597,332,4
597,301,5
597,306,6
597,244,7
597,300,8
597,288,9
597,325,10
598,299,1
598,257,2
598,285,3
598,327,4
598,312,5
598,332,6
598,322,7
598,268,8
598,306,9
598,288,10
599,97,1
599,203,2
599,167,3
599,422,4
599,172,5
599,68,6
599,201,7
599,233,8
599,185,9
599,27,10
600,0,1
600,6,2
600,116,3
600,236,4
600,78,5
600,422,6
600,215,7
600,285,8
600,201,9
600,27,10
601,285,1
601,257,2
601,287,3
601,312,4
601,327,5
601,268,6
601,332,7
601,301,8
601,322,9
601,244,10
602,0,1
602,257,2
602,120,3
602,285,4
602,126,5
602,97,6
602,236,7
602,116,8
602,404,9
602,299,10
603,49,1
603,173,2
603,180,3
603,171,4
603,203,5
603,209,6
603,167,7
603,172,8
603,78,9
603,422,10
604,49,1
604,257,2
604,180,3
604,312,4
604,6,5
604,747,6
604,221,7
604,327,8
604,55,9
604,256,10
605,285,1
605,299,2
605,317,3
605,8,4
605,275,5
605,741,6
605,356,7
605,274,8
605,69,9
605,596,10
606,49,1
606,180,2
606,285,3
606,257,4
606,0,5
606,126,6
606,293,7
606,97,8
606,287,9
606,236,10
607,180,1
607,0,2
607,257,3
607,120,4
607,6,5
607,236,6
607,221,7
607,172,8
607,116,9
607,209,10
608,299,1
608,285,2
608,327,3
608,332,4
608,747,5
608,306,6
608,301,7
608,268,8
608,689,9
608,244,10
609,180,1
609,99,2
609,173,3
609,120,4
609,257,5
609,285,6
609,236,7
609,221,8
609,172,9
609,167,10
610,257,1
610,327,2
610,293,3
610,747,4
610,325,5
610,244,6
610,288,7
610,322,8
610,326,9
610,331,10
611,257,1
611,285,2
611,293,3
611,287,4
611,49,5
611,180,6
611,312,7
611,747,8
611,327,9
611,120,10
612,99,1
612,180,2
612,285,3
612,293,4
612,287,5
612,173,6
612,120,7
612,55,8
612,236,9
612,97,10
613,257,1
613,299,2
613,49,3
613,312,4
613,747,5
613,327,6
613,180,7
613,268,8
613,301,9
613,332,10
614,49,1
614,180,2
614,173,3
614,257,4
614,0,5
614,55,6
614,97,7
614,287,8
614,120,9
614,6,10
615,293,1
615,689,2
615,339,3
615,331,4
615,267,5
615,309,6
615,303,7
615,320,8
615,681,9
615,318,10
616,203,1
616,171,2
616,209,3
616,167,4
616,49,5
616,172,6
616,194,7
616,78,8
616,175,9
616,68,10
617,221,1
617,88,2
617,227,3
617,152,4
617,404,5
617,356,6
617,193,7
617,229,8
617,179,9
617,210,10
618,99,1
618,0,2
618,285,3
618,236,4
618,6,5
618,221,6
618,97,7
618,150,8
618,171,9
618,747,10
619,55,1
619,116,2
619,221,3
619,209,4
619,404,5
619,203,6
619,78,7
619,95,8
619,68,9
619,167,10
620,55,1
620,97,2
620,203,3
620,209,4
620,126,5
620,236,6
620,167,7
620,68,8
620,194,9
620,293,10
621,233,1
621,215,2
621,185,3
621,317,4
621,190,5
621,96,6
621,237,7
621,264,8
621,654,9
621,70,10
622,99,1
622,173,2
622,0,3
622,55,4
622,97,5
622,171,6
622,6,7
622,236,8
622,116,9
622,172,10
623,288,1
623,321,2
623,331,3
623,303,4
623,750,5
623,314,6
623,258,7
623,8,8
623,291,9
623,330,10
624,55,1
624,0,2
624,97,3
624,126,4
624,6,5
624,236,6
624,78,7
624,116,8
624,68,9
624,317,10
625,299,1
625,268,2
625,306,3
625,244,4
625,300,5
625,689,6
625,325,7
625,321,8
625,339,9
625,309,10
626,49,1
626,180,2
626,97,3
626,203,4
626,0,5
626,172,6
626,167,7
626,126,8
626,215,9
626,201,10
627,285,1
627,327,2
627,312,3
627,268,4
627,747,5
627,306,6
627,244,7
627,288,8
627,322,9
627,321,10
628,180,1
628,0,2
628,120,3
628,236,4
628,312,5
628,221,6
628,747,7
628,301,8
628,404,9
628,256,10
629,285,1
629,312,2
629,747,3
629,327,4
629,404,5
629,268,6
629,244,7
629,288,8
629,301,9
629,332,10
630,299,1
630,257,2
630,327,3
630,332,4
630,301,5
630,268,6
630,747,7
630,689,8
630,244,9
630,325,10
631,120,1
631,126,2
631,221,3
631,116,4
631,215,5
631,150,6
631,404,7
631,88,8
631,134,9
631,237,10
632,180,1
632,99,2
632,0,3
632,173,4
632,126,5
632,257,6
632,6,7
632,293,8
632,221,9
632,285,10
633,327,1
633,288,2
633,300,3
633,306,4
633,267,5
633,180,6
633,325,7
633,270,8
633,326,9
633,256,10
634,285,1
634,257,2
634,287,3
634,312,4
634,244,5
634,288,6
634,689,7
634,321,8
634,325,9
634,339,10
635,285,1
635,287,2
635,293,3
635,299,4
635,49,5
635,180,6
635,747,7
635,327,8
635,268,9
635,236,10
636,257,1
636,287,2
636,312,3
636,747,4
636,268,5
636,301,6
636,306,7
636,677,8
636,325,9
636,339,10
637,55,1
637,0,2
637,172,3
637,78,4
637,6,5
637,68,6
637,422,7
637,236,8
637,215,9
637,317,10
638,49,1
638,180,2
638,55,3
638,171,4
638,126,5
638,317,6
638,78,7
638,0,8
638,68,9
638,194,10
639,49,1
639,180,2
639,99,3
639,0,4
639,257,5
639,120,6
639,293,7
639,287,8
639,126,9
639,285,10
640,285,1
640,99,2
640,180,3
640,287,4
640,293,5
640,126,6
640,0,7
640,173,8
640,299,9
640,55,10
641,97,1
641,78,2
641,175,3
641,160,4
641,227,5
641,229,6
641,182,7
641,264,8
641,228,9
641,143,10
642,221,1
642,317,2
642,21,3
642,190,4
642,63,5
642,236,6
642,150,7
642,134,8
642,96,9
642,195,10
643,285,1
643,287,2
643,312,3
643,268,4
643,301,5
643,244,6
643,300,7
643,267,8
643,689,9
643,326,10
644,99,1
644,203,2
644,209,3
644,78,4
644,0,5
644,422,6
644,126,7
644,175,8
644,120,9
644,233,10
645,332,1
645,301,2
645,268,3
645,300,4
645,325,5
645,244,6
645,288,7
645,339,8
645,326,9
645,321,10
646,49,1
646,180,2
646,99,3
646,0,4
646,257,5
646,55,6
646,126,7
646,97,8
646,287,9
646,285,10
647,99,1
647,236,2
647,63,3
647,96,4
647,195,5
647,11,6
647,131,7
647,134,8
647,10,9
647,654,10
648,257,1
648,285,2
648,293,3
648,287,4
648,299,5
648,99,6
648,312,7
648,747,8
648,327,9
648,236,10
649,27,1
649,317,2
649,63,3
649,654,4
649,11,5
649,69,6
649,10,7
649,404,8
649,7,9
649,236,10
650,299,1
650,257,2
650,287,3
650,312,4
650,327,5
650,332,6
650,747,7
650,288,8
650,306,9
650,244,10
651,257,1
651,312,2
651,268,3
651,49,4
651,301,5
651,99,6
651,288,7
651,267,8
651,321,9
651,236,10
652,172,1
652,567,2
652,654,3
652,11,4
652,70,5
652,94,6
652,587,7
652,426,8
652,7,9
652,24,10
653,285,1
653,126,2
653,6,3
653,8,4
653,327,5
653,124,6
653,474,7
653,288,8
653,95,9
653,175,10
654,970,1
654,810,2
654,1020,3
654,1523,4
654,1403,5
654,487,6
654,481,7
654,969,8
654,605,9
654,713,10
655,257,1
655,287,2
655,327,3
655,312,4
655,293,5
655,332,6
655,747,7
655,306,8
655,689,9
655,288,10
656,287,1
656,312,2
656,327,3
656,49,4
656,747,5
656,99,6
656,332,7
656,288,8
656,244,9
656,322,10
657,173,1
657,120,2
657,285,3
657,257,4
657,171,5
657,236,6
657,293,7
657,287,8
657,221,9
657,203,10
658,99,1
658,167,2
658,317,3
658,27,4
658,0,5
658,21,6
658,237,7
658,131,8
658,193,9
658,227,10
659,68,1
659,126,2
659,236,3
659,233,4
659,27,5
659,11,6
659,257,7
659,10,8
659,654,9
659,24,10
660,99,1
660,55,2
660,97,3
660,126,4
660,6,5
660,285,6
660,287,7
660,175,8
660,150,9
660,21,10
661,299,1
661,257,2
661,327,3
661,287,4
661,268,5
661,332,6
661,312,7
661,293,8
661,301,9
661,306,10
662,268,1
662,301,2
662,300,3
662,221,4
662,256,5
662,270,6
662,339,7
662,326,8
662,750,9
662,117,10
663,180,1
663,203,2
663,422,3
663,194,4
663,215,5
663,116,6
663,27,7
663,134,8
663,356,9
663,237,10
664,257,1
664,287,2
664,299,3
664,173,4
664,24,5
664,275,6
664,117,7
664,268,8
664,203,9
664,172,10
665,0,1
665,116,2
665,21,3
665,227,4
665,14,5
665,8,6
665,7,7
665,275,8
665,274,9
665,567,10
666,49,1
666,99,2
666,180,3
666,285,4
666,257,5
666,293,6
666,0,7
666,287,8
666,126,9
666,173,10
667,312,1
667,747,2
667,99,3
667,244,4
667,300,5
667,267,6
667,321,7
667,180,8
667,236,9
667,0,10
668,285,1
668,99,2
668,287,3
668,293,4
668,236,5
668,747,6
668,327,7
668,97,8
668,8,9
668,404,10
669,49,1
669,55,2
669,180,3
669,203,4
669,171,5
669,99,6
669,209,7
669,172,8
669,422,9
669,78,10
670,99,1
670,0,2
670,172,3
670,167,4
670,422,5
670,68,6
670,126,7
670,201,8
670,215,9
670,182,10
671,285,1
671,257,2
671,299,3
671,287,4
671,293,5
671,312,6
671,327,7
671,747,8
671,99,9
671,332,10
672,332,1
672,747,2
672,288,3
672,244,4
672,689,5
672,331,6
672,318,7
672,303,8
672,270,9
672,677,10
673,257,1
673,285,2
673,327,3
673,747,4
673,99,5
673,268,6
673,332,7
673,301,8
673,236,9
673,300,10
674,299,1
674,301,2
674,312,3
674,287,4
674,327,5
674,332,6
674,689,7
674,339,8
674,300,9
674,306,10
675,332,1
675,288,2
675,322,3
675,306,4
675,300,5
675,267,6
675,321,7
675,689,8
675,339,9
675,326,10
676,257,1
676,312,2
676,327,3
676,268,4
676,332,5
676,49,6
676,301,7
676,99,8
676,300,9
676,180,10
677,285,1
677,257,2
677,287,3
677,293,4
677,312,5
677,327,6
677,747,7
677,268,8
677,301,9
677,288,10
678,97,1
678,126,2
678,257,3
678,6,4
678,236,5
678,116,6
678,209,7
678,78,8
678,404,9
678,150,10
679,257,1
679,287,2
679,180,3
679,299,4
679,236,5
679,126,6
679,312,7
679,747,8
679,221,9
679,327,10
680,299,1
680,332,2
680,312,3
680,306,4
680,301,5
680,268,6
680,300,7
680,747,8
680,325,9
680,339,10
681,117,1
681,131,2
681,229,3
681,495,4
681,193,5
681,199,6
681,587,7
681,226,8
681,196,9
681,207,10
682,332,1
682,325,2
682,309,3
682,318,4
682,303,5
682,749,6
682,291,7
682,750,8
682,99,9
682,49,10
683,173,1
683,55,2
683,78,3
683,6,4
683,68,5
683,422,6
683,126,7
683,221,8
683,194,9
683,95,10
684,299,1
684,257,2
684,327,3
684,312,4
684,293,5
684,306,6
684,747,7
684,300,8
684,689,9
684,244,10
685,99,1
685,0,2
685,209,3
685,120,4
685,422,5
685,68,6
685,194,7
685,95,8
685,215,9
685,6,10
686,257,1
686,327,2
686,332,3
686,301,4
686,306,5
686,288,6
686,300,7
686,689,8
686,321,9
686,325,10
687,299,1
687,285,2
687,327,3
687,332,4
687,689,5
687,257,6
687,312,7
687,268,8
687,300,9
687,747,10
688,285,1
688,293,2
688,287,3
688,99,4
688,312,5
688,268,6
688,126,7
688,301,8
688,244,9
688,288,10
689,49,1
689,180,2
689,171,3
689,99,4
689,172,5
689,422,6
689,194,7
689,95,8
689,175,9
689,182,10
690,180,1
690,99,2
690,173,3
690,126,4
690,171,5
690,120,6
690,203,7
690,6,8
690,209,9
690,172,10
691,49,1
691,257,2
691,285,3
691,287,4
691,180,5
691,120,6
691,236,7
691,116,8
691,312,9
691,6,10
692,99,1
692,203,2
692,0,3
692,167,4
692,172,5
692,201,6
692,21,7
692,88,8
692,236,9
692,81,10
693,55,1
693,167,2
693,172,3
693,78,4
693,95,5
693,185,6
693,233,7
693,63,8
693,654,9
693,0,10
694,257,1
694,293,2
694,268,3
694,689,4
694,244,5
694,325,6
694,326,7
694,321,8
694,331,9
694,309,10
695,299,1
695,257,2
695,287,3
695,268,4
695,327,5
695,293,6
695,332,7
695,300,8
695,689,9
695,339,10
696,257,1
696,312,2
696,268,3
696,288,4
696,321,5
696,99,6
696,677,7
696,689,8
696,339,9
696,326,10
697,55,1
697,97,2
697,78,3
697,68,4
697,317,5
697,215,6
697,6,7
697,63,8
697,233,9
697,236,10
698,312,1
698,244,2
698,301,3
698,288,4
698,300,5
698,236,6
698,325,7
698,326,8
698,689,9
698,271,10
699,99,1
699,0,2
699,120,3
699,171,4
699,203,5
699,126,6
699,209,7
699,6,8
699,116,9
699,68,10
700,257,1
700,287,2
700,293,3
700,301,4
700,747,5
700,244,6
700,300,7
700,306,8
700,322,9
700,267,10
701,285,1
701,327,2
701,332,3
701,268,4
701,301,5
701,244,6
701,322,7
701,300,8
701,321,9
701,325,10
702,285,1
702,312,2
702,268,3
702,301,4
702,244,5
702,288,6
702,332,7
702,267,8
702,300,9
702,404,10
703,180,1
703,173,2
703,55,3
703,126,4
703,0,5
703,203,6
703,257,7
703,120,8
703,167,9
703,6,10
704,55,1
704,97,2
704,203,3
704,99,4
704,167,5
704,175,6
704,201,7
704,233,8
704,215,9
704,6,10
705,285,1
705,299,2
705,312,3
705,327,4
705,747,5
705,268,6
705,301,7
705,288,8
705,120,9
705,126,10
706,49,1
706,257,2
706,126,3
706,180,4
706,299,5
706,287,6
706,97,7
706,55,8
706,0,9
706,267,10
707,285,1
707,287,2
707,332,3
707,322,4
707,244,5
707,301,6
707,99,7
707,306,8
707,300,9
707,339,10
708,99,1
708,203,2
708,167,3
708,221,4
708,201,5
708,215,6
708,150,7
708,236,8
708,185,9
708,190,10
709,287,1
709,236,2
709,120,3
709,6,4
709,116,5
709,221,6
709,747,7
709,327,8
709,97,9
709,8,10
710,99,1
710,173,2
710,55,3
710,0,4
710,126,5
710,6,6
710,209,7
710,236,8
710,116,9
710,194,10
711,97,1
711,55,2
711,175,3
711,185,4
711,27,5
711,182,6
711,160,7
711,215,8
711,88,9
711,402,10
712,332,1
712,327,2
712,331,3
712,330,4
712,325,5
712,291,6
712,300,7
712,886,8
712,681,9
712,257,10
713,285,1
713,287,2
713,312,3
713,327,4
713,126,5
713,268,6
713,244,7
713,221,8
713,301,9
713,332,10
714,209,1
714,126,2
714,422,3
714,150,4
714,185,5
714,293,6
714,190,7
714,257,8
714,237,9
714,152,10
715,99,1
715,88,2
715,6,3
715,11,4
715,181,5
715,178,6
715,70,7
715,7,8
715,402,9
715,432,10
716,322,1
716,0,2
716,180,3
716,689,4
716,271,5
716,331,6
716,320,7
716,303,8
716,275,9
716,314,10
717,257,1
717,293,2
717,287,3
717,285,4
717,49,5
717,747,6
717,312,7
717,99,8
717,327,9
717,180,10
718,99,1
718,180,2
718,0,3
718,257,4
718,285,5
718,173,6
718,287,7
718,55,8
718,116,9
718,221,10
719,299,1
719,287,2
719,327,3
719,293,4
719,306,5
719,689,6
719,300,7
719,747,8
719,339,9
719,288,10
720,312,1
720,99,2
720,306,3
720,339,4
720,271,5
720,270,6
720,314,7
720,750,8
720,120,9
720,309,10
721,257,1
721,287,2
721,49,3
721,312,4
721,180,5
721,0,6
721,268,7
721,301,8
721,244,9
721,322,10
722,99,1
722,293,2
722,287,3
722,180,4
722,299,5
722,120,6
722,126,7
722,236,8
722,312,9
722,6,10
723,291,1
723,339,2
723,302,3
723,314,4
723,338,5
723,989,6
723,311,7
723,880,8
723,320,9
723,318,10
724,312,1
724,268,2
724,301,3
724,288,4
724,322,5
724,306,6
724,267,7
724,49,8
724,325,9
724,339,10
725,257,1
725,299,2
725,285,3
725,287,4
725,327,5
725,747,6
725,312,7
725,49,8
725,332,9
725,244,10
726,150,1
726,215,2
726,236,3
726,63,4
726,317,5
726,96,6
726,654,7
726,142,8
726,356,9
726,495,10
727,257,1
727,299,2
727,287,3
727,293,4
727,312,5
727,327,6
727,268,7
727,332,8
727,301,9
727,244,10
728,285,1
728,257,2
728,301,3
728,268,4
728,306,5
728,244,6
728,322,7
728,300,8
728,288,9
728,325,10
729,285,1
729,287,2
729,312,3
729,301,4
729,332,5
729,288,6
729,244,7
729,322,8
729,306,9
729,126,10
730,49,1
730,173,2
730,97,3
730,180,4
730,171,5
730,99,6
730,209,7
730,172,8
730,422,9
730,78,10
731,257,1
731,327,2
731,312,3
731,332,4
731,301,5
731,306,6
731,747,7
731,300,8
731,322,9
731,325,10
732,299,1
732,327,2
732,312,3
732,268,4
732,747,5
732,332,6
732,288,7
732,300,8
732,306,9
732,322,10
733,180,1
733,99,2
733,0,3
733,126,4
733,6,5
733,78,6
733,236,7
733,167,8
733,257,9
733,116,10
734,293,1
734,312,2
734,327,3
734,301,4
734,322,5
734,267,6
734,306,7
734,321,8
734,339,9
734,120,10
735,299,1
735,257,2
735,287,3
735,327,4
735,312,5
735,268,6
735,332,7
735,301,8
735,306,9
735,244,10
736,49,1
736,180,2
736,55,3
736,97,4
736,0,5
736,171,6
736,120,7
736,203,8
736,209,9
736,6,10
737,236,1
737,293,2
737,287,3
737,11,4
737,285,5
737,131,6
737,24,7
737,14,8
737,10,9
737,193,10
738,257,1
738,293,2
738,180,3
738,299,4
738,0,5
738,126,6
738,312,7
738,236,8
738,120,9
738,6,10
739,312,1
739,332,2
739,306,3
739,300,4
739,244,5
739,322,6
739,689,7
739,267,8
739,326,9
739,271,10
740,99,1
740,0,2
740,126,3
740,167,4
740,221,5
740,116,6
740,194,7
740,236,8
740,95,9
740,175,10
741,285,1
741,287,2
741,299,3
741,312,4
741,747,5
741,120,6
741,327,7
741,268,8
741,301,9
741,288,10
742,312,1
742,327,2
742,332,3
742,244,4
742,322,5
742,306,6
742,49,7
742,689,8
742,271,9
742,326,10
743,99,1
743,285,2
743,257,3
743,180,4
743,293,5
743,287,6
743,299,7
743,120,8
743,6,9
743,116,10
744,55,1
744,120,2
744,171,3
744,236,4
744,293,5
744,116,6
744,172,7
744,209,8
744,287,9
744,317,10
745,99,1
745,97,2
745,172,3
745,6,4
745,68,5
745,194,6
745,215,7
745,236,8
745,233,9
745,317,10
746,190,1
746,88,2
746,185,3
746,120,4
746,196,5
746,434,6
746,236,7
746,143,8
746,150,9
746,142,10
747,99,1
747,97,2
747,120,3
747,126,4
747,116,5
747,293,6
747,287,7
747,422,8
747,150,9
747,404,10
748,6,1
748,27,2
748,317,3
748,96,4
748,264,5
748,11,6
748,69,7
748,587,8
748,7,9
748,426,10
749,312,1
749,332,2
749,301,3
749,306,4
749,288,5
749,689,6
749,325,7
749,339,8
749,267,9
749,331,10
750,126,1
750,221,2
750,257,3
750,68,4
750,422,5
750,293,6
750,194,7
750,175,8
750,317,9
750,150,10
751,327,1
751,291,2
751,244,3
751,302,4
751,681,5
751,303,6
751,878,7
751,318,8
751,311,9
751,241,10
752,99,1
752,257,2
752,287,3
752,0,4
752,126,5
752,120,6
752,236,7
752,6,8
752,55,9
752,116,10
753,299,1
753,257,2
753,287,3
753,293,4
753,312,5
753,747,6
753,268,7
753,332,8
753,301,9
753,244,10
754,312,1
754,332,2
754,306,3
754,325,4
754,331,5
754,267,6
754,271,7
754,291,8
754,314,9
754,320,10
755,173,1
755,55,2
755,97,3
755,171,4
755,203,5
755,126,6
755,6,7
755,167,8
755,68,9
755,236,10
756,126,1
756,236,2
756,293,3
756,215,4
756,317,5
756,233,6
756,285,7
756,24,8
756,190,9
756,14,10
757,0,1
757,8,2
757,14,3
757,274,4
757,267,5
757,110,6
757,317,7
757,244,8
757,21,9
757,332,10
758,285,1
758,287,2
758,312,3
758,268,4
758,99,5
758,301,6
758,332,7
758,288,8
758,300,9
758,267,10
759,99,1
759,0,2
759,120,3
759,173,4
759,55,5
759,293,6
759,116,7
759,6,8
759,126,9
759,221,10
760,299,1
760,285,2
760,327,3
760,312,4
760,322,5
760,332,6
760,268,7
760,301,8
760,99,9
760,306,10
761,299,1
761,257,2
761,287,3
761,293,4
761,312,5
761,327,6
761,268,7
761,747,8
761,332,9
761,288,10
762,180,1
762,171,2
762,203,3
762,422,4
762,317,5
762,215,6
762,120,7
762,182,8
762,201,9
762,88,10
763,180,1
763,257,2
763,287,3
763,126,4
763,299,5
763,171,6
763,312,7
763,256,8
763,747,9
763,203,10
764,257,1
764,287,2
764,293,3
764,299,4
764,99,5
764,180,6
764,312,7
764,268,8
764,0,9
764,301,10
765,55,1
765,203,2
765,209,3
765,78,4
765,194,5
765,95,6
765,99,7
765,63,8
765,152,9
765,96,10
766,49,1
766,173,2
766,180,3
766,203,4
766,126,5
766,167,6
766,172,7
766,209,8
766,78,9
766,317,10
767,285,1
767,257,2
767,293,3
767,327,4
767,747,5
767,180,6
767,301,7
767,332,8
767,288,9
767,322,10
768,293,1
768,287,2
768,285,3
768,299,4
768,49,5
768,99,6
768,312,7
768,327,8
768,180,9
768,322,10
769,285,1
769,312,2
769,268,3
769,244,4
769,306,5
769,321,6
769,236,7
769,339,8
769,271,9
769,270,10
770,99,1
770,287,2
770,120,3
770,126,4
770,173,5
770,6,6
770,299,7
770,116,8
770,55,9
770,404,10
771,285,1
771,332,2
771,268,3
771,288,4
771,300,5
771,689,6
771,339,7
771,267,8
771,291,9
771,318,10
772,172,1
772,78,2
772,422,3
772,68,4
772,194,5
772,21,6
772,221,7
772,27,8
772,201,9
772,134,10
773,172,1
773,0,2
773,215,3
773,190,4
773,152,5
773,143,6
773,131,7
773,142,8
773,70,9
773,495,10
774,287,1
774,327,2
774,293,3
774,747,4
774,300,5
774,288,6
774,322,7
774,339,8
774,325,9
774,267,10
775,55,1
775,203,2
775,171,3
775,209,4
775,422,5
775,172,6
775,78,7
775,175,8
775,68,9
775,95,10
776,49,1
776,180,2
776,173,3
776,97,4
776,120,5
776,257,6
776,293,7
776,6,8
776,236,9
776,171,10
777,49,1
777,180,2
777,99,3
777,171,4
777,0,5
777,209,6
777,172,7
777,95,8
777,175,9
777,126,10
778,285,1
778,287,2
778,99,3
778,236,4
778,312,5
778,126,6
778,747,7
778,268,8
778,404,9
778,301,10
779,180,1
779,99,2
779,55,3
779,0,4
779,126,5
779,120,6
779,257,7
779,6,8
779,236,9
779,221,10
780,0,1
780,120,2
780,299,3
780,236,4
780,6,5
780,116,6
780,221,7
780,97,8
780,312,9
780,404,10
781,358,1
781,881,2
781,326,3
781,304,4
781,1279,5
781,310,6
781,302,7
781,873,8
781,359,9
781,882,10
782,312,1
782,747,2
782,301,3
782,244,4
782,322,5
782,288,6
782,689,7
782,325,8
782,321,9
782,339,10
783,287,1
783,293,2
783,747,3
783,300,4
783,244,5
783,288,6
783,321,7
783,878,8
783,318,9
783,681,10
784,99,1
784,180,2
784,285,3
784,257,4
784,126,5
784,120,6
784,299,7
784,236,8
784,6,9
784,116,10
785,55,1
785,78,2
785,167,3
785,95,4
785,21,5
785,150,6
785,63,7
785,257,8
785,293,9
785,134,10
786,331,1
786,300,2
786,326,3
786,339,4
786,681,5
786,886,6
786,322,7
786,288,8
786,343,9
786,302,10
787,49,1
787,180,2
787,209,3
787,167,4
787,172,5
787,201,6
787,215,7
787,126,8
787,190,9
787,237,10
788,257,1
788,299,2
788,312,3
788,747,4
788,327,5
788,268,6
788,236,7
788,301,8
788,120,9
788,288,10
789,203,1
789,422,2
789,194,3
789,126,4
789,233,5
789,27,6
789,81,7
789,317,8
789,63,9
789,237,10
790,257,1
790,312,2
790,332,3
790,322,4
790,306,5
790,267,6
790,689,7
790,339,8
790,325,9
790,271,10
791,257,1
791,293,2
791,287,3
791,285,4
791,299,5
791,49,6
791,747,7
791,312,8
791,327,9
791,180,10
792,257,1
792,285,2
792,299,3
792,312,4
792,747,5
792,327,6
792,268,7
792,322,8
792,244,9
792,332,10
793,257,1
793,287,2
793,299,3
793,293,4
793,312,5
793,327,6
793,301,7
793,747,8
793,236,9
793,288,10
794,55,1
794,97,2
794,68,3
794,194,4
794,175,5
794,21,6
794,215,7
794,182,8
794,81,9
794,126,10
795,6,1
795,134,2
795,10,3
795,69,4
795,24,5
795,287,6
795,178,7
795,434,8
795,207,9
795,174,10
796,257,1
796,287,2
796,312,3
796,332,4
796,301,5
796,244,6
796,322,7
796,288,8
796,300,9
796,321,10
797,55,1
797,95,2
797,194,3
797,68,4
797,175,5
797,233,6
797,182,7
797,185,8
797,21,9
797,229,10
798,299,1
798,287,2
798,293,3
798,312,4
798,99,5
798,268,6
798,301,7
798,327,8
798,180,9
798,0,10
799,285,1
799,257,2
799,287,3
799,99,4
799,312,5
799,747,6
799,327,7
799,268,8
799,301,9
799,116,10
800,285,1
800,257,2
800,747,3
800,268,4
800,322,5
800,288,6
800,689,7
800,321,8
800,339,9
800,326,10
801,49,1
801,180,2
801,99,3
801,0,4
801,120,5
801,116,6
801,236,7
801,126,8
801,312,9
801,221,10
802,257,1
802,287,2
802,327,3
802,293,4
802,312,5
802,332,6
802,301,7
802,300,8
802,322,9
802,325,10
803,116,1
803,11,2
803,87,3
803,426,4
803,7,5
803,178,6
803,14,7
803,110,8
803,683,9
803,257,10
804,68,1
804,236,2
804,317,3
804,63,4
804,185,5
804,96,6
804,131,7
804,264,8
804,193,9
804,69,10
805,6,1
805,293,2
805,172,3
805,68,4
805,150,5
805,422,6
805,21,7
805,299,8
805,182,9
805,190,10
806,55,1
806,97,2
806,175,3
806,201,4
806,182,5
806,215,6
806,99,7
806,63,8
806,96,9
806,190,10
807,257,1
807,327,2
807,268,3
807,306,4
807,288,5
807,300,6
807,322,7
807,689,8
807,267,9
807,325,10
808,287,1
808,293,2
808,268,3
808,322,4
808,300,5
808,689,6
808,325,7
808,267,8
808,326,9
808,331,10
809,257,1
809,747,2
809,301,3
809,306,4
809,244,5
809,689,6
809,321,7
809,339,8
809,326,9
809,267,10
810,287,1
810,327,2
810,312,3
810,332,4
810,268,5
810,301,6
810,244,7
810,325,8
810,321,9
810,339,10
811,257,1
811,312,2
811,268,3
811,306,4
811,322,5
811,300,6
811,689,7
811,321,8
811,339,9
811,326,10
812,285,1
812,327,2
812,257,3
812,287,4
812,332,5
812,312,6
812,747,7
812,301,8
812,268,9
812,322,10
813,173,1
813,203,2
813,171,3
813,49,4
813,209,5
813,422,6
813,167,7
813,180,8
813,172,9
813,78,10
814,55,1
814,99,2
814,233,3
814,21,4
814,185,5
814,63,6
814,237,7
814,193,8
814,11,9
814,69,10
815,285,1
815,747,2
815,332,3
815,268,4
815,301,5
815,306,6
815,244,7
815,288,8
815,300,9
815,267,10
816,285,1
816,312,2
816,49,3
816,99,4
816,268,5
816,332,6
816,301,7
816,322,8
816,180,9
816,236,10
817,293,1
817,332,2
817,747,3
817,306,4
817,300,5
817,288,6
817,322,7
817,325,8
817,339,9
817,326,10
818,287,1
818,293,2
818,312,3
818,327,4
818,268,5
818,747,6
818,332,7
818,288,8
818,300,9
818,306,10
819,299,1
819,293,2
819,268,3
819,306,4
819,244,5
819,322,6
819,321,7
819,267,8
819,689,9
819,325,10
820,49,1
820,257,2
820,285,3
820,287,4
820,126,5
820,6,6
820,221,7
820,299,8
820,171,9
820,203,10
821,49,1
821,99,2
821,180,3
821,257,4
821,293,5
821,287,6
821,285,7
821,120,8
821,299,9
821,236,10
822,120,1
822,116,2
822,81,3
822,404,4
822,356,5
822,131,6
822,495,7
822,69,8
822,264,9
822,184,10
823,299,1
823,257,2
823,327,3
823,312,4
823,332,5
823,268,6
823,301,7
823,306,8
823,300,9
823,325,10
824,299,1
824,327,2
824,312,3
824,0,4
824,332,5
824,268,6
824,301,7
824,300,8
824,267,9
824,270,10
825,97,1
825,203,2
825,167,3
825,172,4
825,422,5
825,68,6
825,99,7
825,201,8
825,120,9
825,233,10
826,327,1
826,306,2
826,322,3
826,321,4
826,339,5
826,326,6
826,309,7
826,677,8
826,303,9
826,314,10
827,299,1
827,257,2
827,318,3
827,267,4
827,689,5
827,271,6
827,288,7
827,332,8
827,304,9
827,241,10
828,49,1
828,287,2
828,299,3
828,180,4
828,126,5
828,268,6
828,120,7
828,301,8
828,6,9
828,116,10
829,120,1
829,167,2
829,422,3
829,6,4
829,116,5
829,215,6
829,317,7
829,233,8
829,27,9
829,236,10
830,285,1
830,268,2
830,301,3
830,288,4
830,267,5
830,126,6
830,321,7
830,120,8
830,677,9
830,275,10
831,299,1
831,332,2
831,268,3
831,301,4
831,288,5
831,300,6
831,689,7
831,267,8
831,339,9
831,326,10
832,209,1
832,0,2
832,172,3
832,422,4
832,215,5
832,317,6
832,221,7
832,81,8
832,116,9
832,96,10
833,327,1
833,747,2
833,301,3
833,288,4
833,300,5
833,321,6
833,0,7
833,339,8
833,677,9
833,270,10
834,180,1
834,99,2
834,55,3
834,171,4
834,120,5
834,6,6
834,257,7
834,172,8
834,167,9
834,78,10
835,49,1
835,99,2
835,180,3
835,293,4
835,0,5
835,299,6
835,126,7
835,236,8
835,120,9
835,312,10
836,287,1
836,299,2
836,49,3
836,99,4
836,312,5
836,747,6
836,268,7
836,0,8
836,301,9
836,332,10
837,293,1
837,287,2
837,236,3
837,116,4
837,97,5
837,150,6
837,78,7
837,14,8
837,24,9
837,268,10
838,299,1
838,287,2
838,293,3
838,312,4
838,327,5
838,747,6
838,268,7
838,301,8
838,244,9
838,288,10
839,317,1
839,0,2
839,27,3
839,11,4
839,426,5
839,221,6
839,210,7
839,227,8
839,526,9
839,264,10
840,327,1
840,293,2
840,268,3
840,300,4
840,244,5
840,689,6
840,288,7
840,339,8
840,326,9
840,331,10
841,285,1
841,299,2
841,306,3
841,293,4
841,689,5
841,300,6
841,747,7
841,325,8
841,288,9
841,244,10
842,99,1
842,201,2
842,21,3
842,317,4
842,63,5
842,495,6
842,567,7
842,11,8
842,87,9
842,69,10
843,0,1
843,97,2
843,126,3
843,236,4
843,203,5
843,78,6
843,285,7
843,287,8
843,95,9
843,201,10
844,881,1
844,907,2
844,358,3
844,343,4
844,886,5
844,299,6
844,306,7
844,989,8
844,936,9
844,332,10
845,152,1
845,143,2
845,153,3
845,401,4
845,76,5
845,99,6
845,213,7
845,417,8
845,0,9
845,500,10
846,99,1
846,126,2
846,236,3
846,68,4
846,422,5
846,317,6
846,21,7
846,293,8
846,27,9
846,63,10
847,97,1
847,55,2
847,99,3
847,167,4
847,78,5
847,0,6
847,95,7
847,27,8
847,21,9
847,63,10
848,49,1
848,180,2
848,99,3
848,0,4
848,55,5
848,97,6
848,126,7
848,6,8
848,116,9
848,236,10
849,99,1
849,0,2
849,126,3
849,422,4
849,194,5
849,6,6
849,175,7
849,221,8
849,215,9
849,116,10
850,299,1
850,287,2
850,293,3
850,322,4
850,244,5
850,288,6
850,268,7
850,321,8
850,677,9
850,267,10
851,257,1
851,293,2
851,287,3
851,285,4
851,299,5
851,747,6
851,312,7
851,236,8
851,327,9
851,244,10
852,312,1
852,268,2
852,288,3
852,267,4
852,309,5
852,271,6
852,314,7
852,320,8
852,749,9
852,318,10
853,180,1
853,299,2
853,312,3
853,747,4
853,275,5
853,244,6
853,322,7
853,171,8
853,300,9
853,203,10
854,49,1
854,99,2
854,173,3
854,180,4
854,97,5
854,55,6
854,126,7
854,171,8
854,203,9
854,285,10
855,287,1
855,268,2
855,332,3
855,301,4
855,244,5
855,300,6
855,339,7
855,267,8
855,331,9
855,303,10
856,285,1
856,287,2
856,312,3
856,268,4
856,747,5
856,332,6
856,301,7
856,288,8
856,306,9
856,244,10
857,299,1
857,257,2
857,287,3
857,293,4
857,327,5
857,312,6
857,301,7
857,747,8
857,300,9
857,244,10
858,285,1
858,257,2
858,299,3
858,49,4
858,747,5
858,327,6
858,99,7
858,268,8
858,180,9
858,0,10
859,257,1
859,287,2
859,49,3
859,327,4
859,747,5
859,180,6
859,267,7
859,0,8
859,322,9
859,236,10
860,257,1
860,49,2
860,99,3
860,287,4
860,299,5
860,268,6
860,180,7
860,312,8
860,126,9
860,301,10
861,0,1
861,203,2
861,236,3
861,293,4
861,285,5
861,317,6
861,233,7
861,27,8
861,190,9
861,24,10
862,936,1
862,937,2
862,880,3
862,310,4
862,879,5
862,311,6
862,244,7
862,322,8
862,307,9
862,895,10
863,88,1
863,134,2
863,184,3
863,384,4
863,426,5
863,179,6
863,210,7
863,178,8
863,434,9
863,174,10
864,49,1
864,180,2
864,287,3
864,285,4
864,299,5
864,236,6
864,126,7
864,312,8
864,747,9
864,55,10
865,285,1
865,257,2
865,287,3
865,327,4
865,332,5
865,293,6
865,306,7
865,689,8
865,300,9
865,747,10
866,99,1
866,126,2
866,120,3
866,236,4
866,287,5
866,172,6
866,150,7
866,404,8
866,201,9
866,233,10
867,78,1
867,27,2
867,21,3
867,317,4
867,96,5
867,195,6
867,143,7
867,142,8
867,70,9
867,356,10
868,285,1
868,257,2
868,299,3
868,312,4
868,327,5
868,747,6
868,332,7
868,301,8
868,244,9
868,322,10
869,172,1
869,422,2
869,120,3
869,175,4
869,182,5
869,233,6
869,221,7
869,116,8
869,152,9
869,236,10
870,287,1
870,293,2
870,327,3
870,747,4
870,339,5
870,322,6
870,267,7
870,326,8
870,321,9
870,331,10
871,285,1
871,49,2
871,332,3
871,244,4
871,268,5
871,99,6
871,288,7
871,301,8
871,306,9
871,321,10
872,287,1
872,332,2
872,747,3
872,301,4
872,244,5
872,322,6
872,300,7
872,689,8
872,321,9
872,339,10
873,257,1
873,299,2
873,287,3
873,293,4
873,49,5
873,268,6
873,327,7
873,180,8
873,0,9
873,236,10
874,99,1
874,0,2
874,126,3
874,120,4
874,203,5
874,6,6
874,236,7
874,167,8
874,209,9
874,78,10
875,49,1
875,99,2
875,180,3
875,257,4
875,0,5
875,126,6
875,299,7
875,120,8
875,236,9
875,6,10
876,49,1
876,99,2
876,180,3
876,0,4
876,173,5
876,126,6
876,293,7
876,120,8
876,6,9
876,116,10
877,55,1
877,0,2
877,120,3
877,172,4
877,209,5
877,78,6
877,68,7
877,6,8
877,422,9
877,194,10
878,257,1
878,285,2
878,287,3
878,99,4
878,312,5
878,747,6
878,327,7
878,268,8
878,301,9
878,244,10
879,14,1
879,215,2
879,182,3
879,124,4
879,88,5
879,264,6
879,195,7
879,152,8
879,142,9
879,131,10
880,209,1
880,172,2
880,317,3
880,143,4
880,152,5
880,236,6
880,11,7
880,495,8
880,426,9
880,210,10
881,99,1
881,126,2
881,21,3
881,317,4
881,233,5
881,63,6
881,11,7
881,143,8
881,237,9
881,96,10
882,180,1
882,257,2
882,287,3
882,293,4
882,299,5
882,120,6
882,116,7
882,190,8
882,356,9
882,267,10
883,49,1
883,285,2
883,180,3
883,287,4
883,293,5
883,0,6
883,173,7
883,236,8
883,55,9
883,120,10
884,97,1
884,120,2
884,167,3
884,126,4
884,221,5
884,95,6
884,175,7
884,21,8
884,201,9
884,182,10
885,209,1
885,120,2
885,81,3
885,96,4
885,134,5
885,150,6
885,142,7
885,184,8
885,69,9
885,87,10
886,173,1
886,116,2
886,236,3
886,78,4
886,172,5
886,14,6
886,545,7
886,233,8
886,215,9
886,741,10
887,49,1
887,180,2
887,257,3
887,0,4
887,293,5
887,287,6
887,126,7
887,120,8
887,173,9
887,55,10
888,221,1
888,175,2
888,237,3
888,285,4
888,287,5
888,227,6
888,196,7
888,495,8
888,24,9
888,142,10
889,55,1
889,99,2
889,78,3
889,95,4
889,215,5
889,317,6
889,201,7
889,27,8
889,21,9
889,190,10
890,257,1
890,293,2
890,287,3
890,299,4
890,747,5
890,327,6
890,0,7
890,268,8
890,244,9
890,332,10
891,233,1
891,654,2
891,160,3
891,184,4
891,196,5
891,210,6
891,426,7
891,178,8
891,199,9
891,3,10
892,99,1
892,180,2
892,299,3
892,6,4
892,312,5
892,747,6
892,126,7
892,221,8
892,327,9
892,256,10
893,293,1
893,300,2
893,320,3
893,303,4
893,681,5
893,258,6
893,324,7
893,895,8
893,357,9
893,894,10
894,285,1
894,257,2
894,299,3
894,287,4
894,312,5
894,268,6
894,301,7
894,332,8
894,244,9
894,288,10
895,55,1
895,150,2
895,356,3
895,193,4
895,184,5
895,196,6
895,207,7
895,418,8
895,431,9
895,450,10
896,99,1
896,6,2
896,215,3
896,236,4
896,317,5
896,63,6
896,190,7
896,143,8
896,152,9
896,11,10
897,293,1
897,268,2
897,332,3
897,306,4
897,300,5
897,244,6
897,288,7
897,322,8
897,689,9
897,325,10
898,99,1
898,55,2
898,126,3
898,6,4
898,209,5
898,293,6
898,404,7
898,21,8
898,287,9
898,285,10
899,49,1
899,180,2
899,257,3
899,285,4
899,0,5
899,126,6
899,6,7
899,173,8
899,299,9
899,55,10
900,99,1
900,97,2
900,6,3
900,126,4
900,257,5
900,78,6
900,287,7
900,172,8
900,175,9
900,285,10
901,285,1
901,287,2
901,99,3
901,312,4
901,747,5
901,268,6
901,236,7
901,120,8
901,116,9
901,6,10
902,257,1
902,285,2
902,293,3
902,173,4
902,236,5
902,116,6
902,221,7
902,171,8
902,299,9
902,150,10
903,49,1
903,99,2
903,0,3
903,120,4
903,257,5
903,173,6
903,293,7
903,55,8
903,126,9
903,97,10
904,285,1
904,287,2
904,268,3
904,49,4
904,288,5
904,322,6
904,267,7
904,306,8
904,180,9
904,0,10
905,257,1
905,287,2
905,293,3
905,49,4
905,312,5
905,327,6
905,747,7
905,268,8
905,301,9
905,180,10
906,299,1
906,126,2
906,6,3
906,221,4
906,327,5
906,256,6
906,268,7
906,275,8
906,55,9
906,8,10
907,0,1
907,120,2
907,209,3
907,167,4
907,221,5
907,236,6
907,116,7
907,257,8
907,285,9
907,175,10
908,257,1
908,287,2
908,312,3
908,268,4
908,49,5
908,301,6
908,99,7
908,327,8
908,747,9
908,332,10
909,257,1
909,293,2
909,327,3
909,268,4
909,6,5
909,301,6
909,322,7
909,332,8
909,275,9
909,267,10
910,49,1
910,55,2
910,180,3
910,99,4
910,78,5
910,68,6
910,194,7
910,95,8
910,0,9
910,201,10
911,49,1
911,180,2
911,97,3
911,99,4
911,209,5
911,0,6
911,78,7
911,68,8
911,194,9
911,126,10
912,120,1
912,285,2
912,293,3
912,404,4
912,134,5
912,152,6
912,299,7
912,256,8
912,96,9
912,69,10
913,49,1
913,173,2
913,55,3
913,97,4
913,180,5
913,203,6
913,171,7
913,209,8
913,99,9
913,167,10
914,293,1
914,268,2
914,747,3
914,689,4
914,288,5
914,244,6
914,322,7
914,339,8
914,325,9
914,326,10
915,126,1
915,190,2
915,356,3
915,495,4
915,184,5
915,196,6
915,24,7
915,257,8
915,293,9
915,7,10
916,285,1
916,257,2
916,287,3
916,293,4
916,299,5
916,312,6
916,747,7
916,268,8
916,180,9
916,301,10
917,49,1
917,97,2
917,55,3
917,99,4
917,171,5
917,180,6
917,317,7
917,190,8
917,172,9
917,422,10
918,268,1
918,120,2
918,126,3
918,750,4
918,404,5
918,345,6
918,272,7
918,323,8
918,545,9
918,241,10
919,293,1
919,268,2
919,747,3
919,288,4
919,322,5
919,689,6
919,325,7
919,321,8
919,326,9
919,303,10
920,99,1
920,257,2
920,116,3
920,6,4
920,126,5
920,285,6
920,55,7
920,97,8
920,299,9
920,117,10
921,99,1
921,120,2
921,78,3
921,422,4
921,95,5
921,6,6
921,116,7
921,233,8
921,27,9
921,317,10
922,257,1
922,285,2
922,299,3
922,312,4
922,747,5
922,327,6
922,268,7
922,322,8
922,301,9
922,288,10
923,97,1
923,293,2
923,203,3
923,221,4
923,209,5
923,78,6
923,167,7
923,68,8
923,422,9
923,150,10
924,257,1
924,285,2
924,293,3
924,299,4
924,49,5
924,312,6
924,747,7
924,327,8
924,99,9
924,180,10
925,327,1
925,747,2
925,332,3
925,306,4
925,300,5
925,322,6
925,267,7
925,689,8
925,325,9
925,326,10
926,49,1
926,180,2
926,97,3
926,99,4
926,171,5
926,172,6
926,422,7
926,116,8
926,175,9
926,201,10
927,285,1
927,257,2
927,299,3
927,293,4
927,312,5
927,49,6
927,99,7
927,747,8
927,301,9
927,180,10
928,180,1
928,120,2
928,209,3
928,172,4
928,167,5
928,78,6
928,6,7
928,68,8
928,221,9
928,116,10
929,257,1
929,293,2
929,180,3
929,126,4
929,312,5
929,6,6
929,747,7
929,221,8
929,327,9
929,301,10
930,287,1
930,293,2
930,327,3
930,747,4
930,288,5
930,300,6
930,306,7
930,322,8
930,267,9
930,321,10
931,422,1
931,185,2
931,215,3
931,68,4
931,78,5
931,27,6
931,201,7
931,317,8
931,131,9
931,49,10
932,422,1
932,190,2
932,654,3
932,142,4
932,70,5
932,236,6
932,495,7
932,184,8
932,587,9
932,426,10
933,97,1
933,78,2
933,175,3
933,317,4
933,27,5
933,21,6
933,63,7
933,237,8
933,356,9
933,193,10
934,257,1
934,293,2
934,287,3
934,49,4
934,747,5
934,327,6
934,6,7
934,268,8
934,322,9
934,244,10
935,287,1
935,327,2
935,301,3
935,306,4
935,244,5
935,689,6
935,321,7
935,325,8
935,331,9
935,303,10
936,287,1
936,312,2
936,327,3
936,268,4
936,747,5
936,301,6
936,332,7
936,288,8
936,244,9
936,322,10
937,293,1
937,268,2
937,301,3
937,321,4
937,267,5
937,300,6
937,306,7
937,270,8
937,325,9
937,271,10
938,287,1
938,293,2
938,299,3
938,285,4
938,327,5
938,747,6
938,312,7
938,49,8
938,322,9
938,244,10
939,287,1
939,0,2
939,126,3
939,120,4
939,236,5
939,116,6
939,221,7
939,747,8
939,404,9
939,275,10
940,285,1
940,287,2
940,49,3
940,99,4
940,312,5
940,747,6
940,327,7
940,236,8
940,268,9
940,120,10
941,285,1
941,99,2
941,180,3
941,293,4
941,287,5
941,0,6
941,126,7
941,120,8
941,236,9
941,6,10
942,0,1
942,175,2
942,221,3
942,6,4
942,182,5
942,81,6
942,88,7
942,190,8
942,143,9
942,237,10
