user_id,age_group,gender,favorite_genres
0,1,0,"Drama,Comedy,Action"
1,4,1,"Drama,Romance,Comedy"
2,1,0,"Drama,Thriller,Action"
3,1,0,"Thriller,Action,Drama"
4,2,1,"Comedy,Action,Sci-Fi"
5,3,0,"Drama,Comedy,Romance"
6,5,0,"Drama,Action,Comedy"
7,3,0,"Action,Sci-Fi,Drama"
8,2,0,"Drama,Romance,Comedy"
9,4,0,"Drama,Comedy,Romance"
10,3,1,"Drama,Comedy,Romance"
11,2,1,"Drama,Comedy,Action"
12,4,0,"Drama,Comedy,Action"
13,4,0,"Drama,Comedy,Romance"
14,4,1,"Drama,Romance,Comedy"
15,1,0,"Drama,Comedy,Thriller"
16,2,0,"Drama,Comedy,Adventure"
17,3,1,"Drama,Comedy,Romance"
18,3,0,"Comedy,Drama,Action"
19,3,1,"Action,Drama,Adventure"
20,2,0,"Thriller,Horror,Drama"
21,2,0,"Action,Comedy,Adventure"
22,2,1,"Drama,Comedy,Action"
23,1,1,"Drama,Comedy,Romance"
24,3,0,"Comedy,Drama,Action"
25,4,0,"Drama,Action,Comedy"
26,3,1,"Drama,Thriller,Action"
27,2,0,"Thriller,Sci-Fi,Action"
28,3,0,"Drama,Thriller,Action"
29,0,0,"Comedy,Action,Adventure"
30,1,0,"Drama,Romance,Mystery"
31,2,1,"Drama,Action,Comedy"
32,1,0,"Thriller,Action,Drama"
33,3,1,"Drama,Crime,Thriller"
34,1,1,"Thriller,Action,Drama"
35,1,1,"Drama,Comedy,Thriller"
36,1,0,"Action,Thriller,Adventure"
37,2,1,"Comedy,Children's,Action"
38,3,0,"Drama,Thriller,Comedy"
39,3,0,"Drama,Comedy,Thriller"
40,2,0,"Drama,Comedy,Romance"
41,2,0,"Drama,Comedy,Action"
42,2,1,"Comedy,Drama,Romance"
43,2,0,"Drama,Action,Comedy"
44,2,0,"Comedy,Drama,Adventure"
45,2,1,"Drama,Romance,Action"
46,4,0,"Drama,Comedy,Mystery"
47,4,0,"Drama,Comedy,Thriller"
48,1,1,"Comedy,Drama,Thriller"
49,1,0,"Drama,Romance,Crime"
50,2,0,"Adventure,Action,Drama"
51,1,1,"Drama,Comedy,Thriller"
52,2,0,"Action,Drama,Adventure"
53,1,0,"Thriller,Action,Drama"
54,3,0,"Action,Thriller,Adventure"
55,2,0,"Comedy,Action,Adventure"
56,0,0,"Comedy,Action,Drama"
57,2,0,"Drama,Comedy,Romance"
58,4,0,"Drama,Comedy,Thriller"
59,4,0,"Drama,Comedy,Action"
60,3,0,"Thriller,Drama,Action"
61,2,1,"Drama,Action,Comedy"
62,2,0,"Drama,Comedy,Romance"
63,2,0,"Drama,Action,Comedy"
64,4,1,"Drama,Comedy,Romance"
65,1,0,"Action,Drama,Thriller"
66,0,0,"Comedy,Action,Adventure"
67,1,0,"Drama,Romance,Action"
68,1,0,"Drama,Thriller,Action"
69,2,0,"Action,Comedy,Adventure"
70,3,0,"Drama,Romance,Sci-Fi"
71,4,1,"Drama,Thriller,Action"
72,1,0,"Drama,Comedy,Thriller"
73,3,0,"Drama,Thriller,Action"
74,1,0,"Comedy,Drama,Action"
75,1,0,"Drama,Romance,Sci-Fi"
76,2,0,"Drama,Action,Adventure"
77,2,0,"Comedy,Drama,Romance"
78,3,1,"Drama,Romance,Comedy"
79,2,1,"Drama,Romance,Comedy"
80,1,0,"Drama,Comedy,Thriller"
81,4,0,"Drama,Comedy,Romance"
82,3,0,"Comedy,Action,Drama"
83,2,0,"Drama,Comedy,Thriller"
84,4,0,"Drama,Comedy,Romance"
85,2,0,"Drama,Comedy,Romance"
86,4,0,"Comedy,Action,Drama"
87,4,1,"Drama,Comedy,Romance"
88,3,1,"Drama,Romance,Comedy"
89,5,0,"Drama,Comedy,Romance"
90,5,0,"Drama,Action,Thriller"
91,2,0,"Drama,Comedy,Action"
92,4,0,"Comedy,Drama,Romance"
93,2,0,"Drama,Comedy,Action"
94,2,0,"Drama,Comedy,Action"
95,2,1,"Drama,Thriller,Action"
96,3,0,"Sci-Fi,Drama,Comedy"
97,4,1,"Comedy,Romance,Drama"
98,1,0,"Drama,Thriller,Action"
99,3,0,"Drama,Thriller,Action"
100,0,0,"Action,Comedy,Adventure"
101,3,0,"Action,Comedy,Thriller"
102,2,0,"Action,Adventure,Sci-Fi"
103,2,0,"Drama,Comedy,Thriller"
104,1,0,"Drama,Thriller,Mystery"
105,5,0,"Drama,Comedy,Romance"
106,3,0,"Drama,Thriller,Mystery"
107,3,0,"Drama,Romance,Action"
108,2,0,"Action,Comedy,Drama"
109,1,0,"Action,Drama,Comedy"
110,5,0,"Drama,Thriller,Romance"
111,2,0,"Drama,Thriller,Action"
112,4,0,"Drama,Thriller,Action"
113,2,0,"Drama,Sci-Fi,Thriller"
114,2,0,"Drama,Thriller,Action"
115,3,0,"Drama,Thriller,Action"
116,1,0,"Action,Thriller,Drama"
117,1,0,"Drama,Thriller,Horror"
118,2,0,"Drama,Action,Thriller"
119,4,1,"Drama,Action,Adventure"
120,4,0,"Drama,Romance,Action"
121,2,1,"Drama,Comedy,Romance"
122,4,1,"Drama,Romance,Comedy"
123,2,0,"Action,Thriller,Drama"
124,2,0,"Comedy,Romance,Drama"
125,2,1,"Drama,Thriller,Action"
126,2,0,"Action,Sci-Fi,Adventure"
127,1,1,"Drama,Romance,Comedy"
128,3,1,"Drama,Romance,Thriller"
129,1,0,"Action,Drama,Thriller"
130,5,1,"Drama,Comedy,Romance"
131,1,0,"Drama,Crime,Comedy"
132,4,0,"Drama,Thriller,Action"
133,2,0,"Drama,Action,Thriller"
134,1,0,"Thriller,Action,Drama"
135,4,0,"Drama,Romance,War"
136,4,0,"Action,Adventure,Thriller"
137,4,0,"Drama,Comedy,Thriller"
138,1,0,"Drama,Crime,Romance"
139,2,1,"Drama,Romance,Comedy"
140,4,0,"Thriller,Drama,Comedy"
141,0,0,"Comedy,Thriller,Drama"
142,3,0,"Thriller,Drama,Action"
143,4,0,"Drama,Comedy,Action"
144,2,0,"Thriller,Drama,Action"
145,4,0,"Drama,Thriller,Comedy"
146,3,1,"Drama,Comedy,Romance"
147,2,0,"Drama,Comedy,Animation"
148,3,1,"Drama,Comedy,Thriller"
149,1,1,"Drama,Romance,Comedy"
150,3,1,"Drama,Comedy,Romance"
151,2,1,"Romance,Comedy,Drama"
152,2,0,"Drama,Action,Thriller"
153,2,0,"Drama,Sci-Fi,Comedy"
154,2,1,"Drama,Romance,Thriller"
155,2,0,"Drama,War,Action"
156,5,0,"Drama,Action,Comedy"
157,4,0,"Action,Comedy,Drama"
158,1,1,"Comedy,Drama,Action"
159,2,0,"Drama,Comedy,Thriller"
160,4,0,"Drama,Comedy,Romance"
161,2,0,"Action,Thriller,Adventure"
162,4,0,"Drama,Comedy,Thriller"
163,4,0,"Thriller,Action,Drama"
164,1,1,"Drama,Action,Thriller"
165,4,0,"Thriller,Action,Comedy"
166,3,0,"Drama,Comedy,Romance"
167,4,0,"Comedy,Action,Drama"
168,4,1,"Drama,Action,War"
169,4,1,"Thriller,Drama,Action"
170,4,1,"Drama,Romance,Thriller"
171,5,0,"Drama,Romance,Comedy"
172,5,0,"Drama,Thriller,Comedy"
173,2,1,"Drama,Comedy,Romance"
174,2,1,"Drama,Action,Thriller"
175,2,0,"Drama,Comedy,Romance"
176,1,0,"Drama,Thriller,Action"
177,2,0,"Drama,Action,Comedy"
178,0,0,"Drama,Thriller,Comedy"
179,1,1,"Drama,Romance,Comedy"
180,2,0,"Drama,Comedy,Thriller"
181,3,0,"Drama,Comedy,Sci-Fi"
182,2,0,"Action,Sci-Fi,Adventure"
183,3,0,"Drama,Comedy,Romance"
184,4,1,"Drama,Romance,Comedy"
185,3,1,"Thriller,Action,Drama"
186,2,0,"Drama,Comedy,Romance"
187,3,0,"Drama,Action,Thriller"
188,2,0,"Drama,Romance,Comedy"
189,2,0,"Thriller,Drama,Action"
190,2,0,"Drama,Thriller,Action"
191,3,0,"Drama,Comedy,Romance"
192,2,0,"Drama,Comedy,Action"
193,3,0,"Drama,Comedy,Action"
194,3,0,"Drama,Action,Thriller"
195,4,0,"Comedy,Drama,Romance"
196,5,0,"Action,Drama,Thriller"
197,1,1,"Drama,Action,Comedy"
198,2,0,"Drama,Comedy,Romance"
199,3,0,"Action,Drama,Adventure"
200,2,0,"Drama,Thriller,Action"
201,3,1,"Comedy,Sci-Fi,Drama"
202,2,1,"Drama,Action,Adventure"
203,4,1,"Drama,Comedy,Thriller"
204,4,0,"Drama,Thriller,Action"
205,0,1,"Drama,Thriller,Romance"
206,3,0,"Drama,Comedy,Action"
207,3,0,"Comedy,Romance,Drama"
208,2,1,"Drama,Comedy,Romance"
209,3,0,"Comedy,Drama,Action"
210,5,0,"Drama,Action,Adventure"
211,4,1,"Drama,War,Romance"
212,2,0,"Drama,Thriller,Action"
213,2,1,"Drama,Comedy,Romance"
214,3,0,"Drama,Action,Sci-Fi"
215,1,0,"Drama,Comedy,Action"
216,1,0,"Action,Thriller,Adventure"
217,3,0,"Comedy,Thriller,Drama"
218,2,0,"Drama,Comedy,Action"
219,2,0,"Drama,Thriller,Comedy"
220,1,0,"Action,Drama,Comedy"
221,2,0,"Drama,Action,Comedy"
222,1,1,"Comedy,Thriller,Drama"
223,2,1,"Drama,Romance,Thriller"
224,4,1,"Drama,Comedy,Romance"
225,2,0,"Drama,Thriller,Comedy"
226,4,0,"Drama,Comedy,Thriller"
227,1,1,"Drama,Romance,War"
228,2,1,"Drama,Thriller,Action"
229,2,1,"Drama,Action,Comedy"
230,4,0,"Action,Drama,Romance"
231,4,0,"Drama,Romance,Comedy"
232,3,0,"Drama,Comedy,Romance"
233,5,0,"Drama,Comedy,Romance"
234,3,0,"Drama,Comedy,Romance"
235,3,1,"Drama,Romance,Thriller"
236,4,0,"Drama,Thriller,War"
237,3,1,"Comedy,Action,Romance"
238,3,0,"Drama,Comedy,Romance"
239,1,1,"Thriller,Drama,Action"
240,2,1,"Drama,Thriller,Action"
241,2,0,"Drama,Romance,Thriller"
242,2,0,"Drama,Comedy,Romance"
243,2,0,"Drama,Comedy,Romance"
244,1,0,"Adventure,Action,Comedy"
245,1,0,"Comedy,Action,Drama"
246,2,0,"Drama,Comedy,Action"
247,2,0,"Action,Drama,Thriller"
248,2,0,"Drama,Action,Thriller"
249,2,0,"Drama,Thriller,Comedy"
250,2,0,"Action,Thriller,Drama"
251,3,0,"Drama,Romance,Thriller"
252,2,1,"Drama,Action,Thriller"
253,3,0,"Adventure,Drama,Action"
254,1,0,"Thriller,Action,Horror"
255,3,1,"Thriller,Action,Drama"
256,0,0,"Drama,Romance,Comedy"
257,1,1,"Drama,Thriller,Romance"
258,1,0,"Drama,Action,Comedy"
259,3,1,"Action,Thriller,Drama"
260,2,0,"Comedy,Thriller,Drama"
261,1,1,"Drama,Comedy,Romance"
262,3,0,"Drama,Action,Comedy"
263,3,1,"Comedy,Drama,Romance"
264,2,0,"Drama,Thriller,Action"
265,5,1,"Drama,Romance,Comedy"
266,1,0,"Action,Comedy,Drama"
267,1,0,"Comedy,Action,Thriller"
268,2,1,"Drama,Comedy,Romance"
269,1,1,"Drama,Romance,Thriller"
270,4,0,"Drama,Comedy,Romance"
271,2,0,"Drama,Action,War"
272,4,1,"Drama,Comedy,Romance"
273,1,1,"Drama,Comedy,Romance"
274,3,0,"Action,Adventure,Sci-Fi"
275,1,0,"Drama,Comedy,Action"
276,3,1,"Drama,Romance,Comedy"
277,3,1,"Drama,Thriller,Action"
278,2,0,"Comedy,Action,Drama"
279,2,1,"Drama,Comedy,Action"
280,0,1,"Thriller,Drama,Action"
281,1,0,"Thriller,Drama,Action"
282,2,0,"Comedy,Romance,Musical"
283,3,0,"Drama,Thriller,Romance"
284,2,0,"Drama,Thriller,Comedy"
285,2,0,"Comedy,Drama,Romance"
286,1,0,"Drama,Comedy,Action"
287,2,0,"Drama,War,Action"
288,0,0,"Action,Drama,Adventure"
289,3,0,"Action,Comedy,Drama"
290,1,0,"Drama,Thriller,Comedy"
291,3,1,"Drama,Thriller,Action"
292,1,0,"Drama,Comedy,Thriller"
293,2,0,"Action,Thriller,Comedy"
294,2,0,"Drama,Comedy,Romance"
295,3,1,"Drama,Comedy,Romance"
296,2,1,"Drama,Comedy,Thriller"
297,3,0,"Drama,Comedy,Action"
298,2,0,"Drama,Comedy,Romance"
299,2,1,"Comedy,Action,Thriller"
300,1,0,"Action,Comedy,Drama"
301,3,0,"Thriller,Action,Drama"
302,1,0,"Comedy,Drama,Action"
303,1,1,"Thriller,Action,Romance"
304,1,0,"Drama,Comedy,Romance"
305,4,0,"Drama,Comedy,Romance"
306,2,0,"Comedy,Action,Drama"
307,5,0,"Drama,Comedy,Thriller"
308,3,0,"Drama,Action,Thriller"
309,3,0,"Romance,Adventure,Comedy"
310,2,0,"Drama,Comedy,Action"
311,4,0,"Drama,Comedy,Romance"
312,3,0,"Drama,Action,Comedy"
313,1,1,"Comedy,Drama,Romance"
314,2,0,"Drama,Comedy,Thriller"
315,3,1,"Drama,Romance,War"
316,1,0,"Thriller,Action,Drama"
317,5,0,"Comedy,Drama,Romance"
318,3,0,"Thriller,Drama,Action"
319,1,0,"Action,Thriller,Comedy"
320,4,1,"Drama,Romance,Comedy"
321,1,0,"Drama,Thriller,Romance"
322,1,0,"Drama,Thriller,Action"
323,1,1,"Drama,Thriller,Romance"
324,4,0,"Drama,Comedy,War"
325,3,0,"Drama,Action,Comedy"
326,1,0,"Drama,Comedy,Action"
327,4,0,"Drama,Action,Thriller"
328,4,0,"Drama,Thriller,Action"
329,3,1,"Drama,Comedy,Romance"
330,2,0,"Drama,Comedy,Romance"
331,1,0,"Action,Thriller,Drama"
332,4,0,"Comedy,Romance,Drama"
333,2,0,"Drama,Comedy,Romance"
334,4,0,"Thriller,Action,Mystery"
335,1,0,"Comedy,Romance,Drama"
336,3,0,"Action,Adventure,Sci-Fi"
337,3,1,"Comedy,Drama,Romance"
338,3,0,"Drama,Comedy,Action"
339,4,0,"Comedy,Drama,Children's"
340,0,1,"Drama,Comedy,Thriller"
341,2,1,"Drama,Comedy,Romance"
342,3,0,"Drama,Comedy,Action"
343,2,1,"Drama,Comedy,Romance"
344,2,1,"Drama,Comedy,Romance"
345,2,0,"Action,Thriller,Drama"
346,1,0,"Drama,Action,Thriller"
347,1,1,"Comedy,Drama,Thriller"
348,5,0,"Drama,Romance,Thriller"
349,2,0,"Drama,Action,Thriller"
350,5,0,"Drama,Thriller,Action"
351,3,1,"Action,Thriller,Sci-Fi"
352,2,0,"Drama,Thriller,Action"
353,2,1,"Drama,Comedy,Romance"
354,2,0,"Thriller,Drama,Romance"
355,2,1,"Drama,Thriller,Action"
356,2,0,"Action,Comedy,Drama"
357,3,0,"Drama,Romance,Comedy"
358,1,0,"Action,Thriller,Sci-Fi"
359,4,0,"Drama,War,Romance"
360,1,0,"Drama,Romance,Comedy"
361,3,1,"Thriller,Action,Drama"
362,1,0,"Drama,Action,Comedy"
363,5,0,"Drama,Romance,Comedy"
364,2,0,"Drama,Comedy,Romance"
365,1,1,"Horror,Thriller,Comedy"
366,0,0,"Horror,Thriller,Action"
367,1,0,"Horror,Action,Thriller"
368,1,0,"Action,Drama,Sci-Fi"
369,4,0,"Drama,Comedy,Thriller"
370,3,0,"Drama,Action,Comedy"
371,2,1,"Thriller,Drama,Horror"
372,1,1,"Drama,Comedy,Romance"
373,3,0,"Drama,Thriller,Action"
374,0,0,"Thriller,Action,Horror"
375,2,1,"Drama,Romance,Thriller"
376,1,0,"Thriller,Drama,Action"
377,3,0,"Drama,Comedy,Action"
378,3,0,"Drama,Comedy,Action"
379,2,0,"Drama,Comedy,Action"
380,2,0,"Drama,Romance,Comedy"
381,4,0,"Drama,Comedy,Thriller"
382,3,0,"Drama,Romance,Comedy"
383,4,0,"Thriller,Drama,Action"
384,3,0,"Drama,Comedy,Thriller"
385,3,0,"Action,Thriller,Adventure"
386,2,0,"Drama,Comedy,Action"
387,2,0,"Thriller,Drama,Action"
388,3,1,"Comedy,Drama,Romance"
389,3,1,"Drama,Romance,Thriller"
390,1,0,"Drama,Action,Comedy"
391,4,0,"Drama,Comedy,Romance"
392,1,0,"Comedy,Drama,Action"
393,2,0,"Action,Comedy,Sci-Fi"
394,3,0,"Drama,Action,Adventure"
395,5,0,"Thriller,Action,Drama"
396,0,0,"Drama,Thriller,Action"
397,3,0,"Comedy,Drama,Romance"
398,2,0,"Drama,Action,Comedy"
399,2,1,"Thriller,Action,Comedy"
400,4,1,"Drama,Comedy,Romance"
401,2,0,"Drama,Comedy,Action"
402,3,0,"Action,Drama,Comedy"
403,2,1,"Thriller,Drama,Comedy"
404,1,1,"Drama,Comedy,Action"
405,4,0,"Drama,Comedy,Romance"
406,2,0,"Comedy,Drama,Action"
407,1,0,"Drama,Thriller,Action"
408,4,0,"Drama,Comedy,Romance"
409,2,1,"Drama,Romance,Thriller"
410,2,0,"Action,Comedy,Drama"
411,2,0,"Drama,Action,Comedy"
412,5,0,"Drama,Romance,Action"
413,1,0,"Thriller,Drama,Crime"
414,3,0,"Thriller,Drama,Action"
415,1,1,"Drama,Comedy,Action"
416,2,1,"Comedy,Drama,Action"
417,5,1,"Thriller,Drama,Mystery"
418,3,0,"Romance,Drama,Comedy"
419,4,0,"Drama,Thriller,Romance"
420,3,1,"Thriller,Action,Drama"
421,2,0,"Drama,Horror,Thriller"
422,5,0,"Drama,Thriller,Crime"
423,3,1,"Drama,Romance,Comedy"
424,1,0,"Action,Thriller,Drama"
425,5,0,"Drama,Comedy,Thriller"
426,4,0,"Drama,Thriller,Action"
427,2,0,"Drama,Thriller,Comedy"
428,2,0,"Drama,Comedy,Action"
429,3,0,"Drama,Action,Thriller"
430,1,0,"Thriller,Action,Drama"
431,1,0,"Drama,Comedy,Action"
432,2,0,"Drama,Thriller,Action"
433,0,1,"Comedy,Drama,Romance"
434,1,0,"Comedy,Action,Drama"
435,2,1,"Drama,Comedy,Thriller"
436,2,1,"Drama,Comedy,Romance"
437,4,1,"Comedy,Drama,Action"
438,1,1,"Drama,Comedy,Romance"
439,2,0,"Drama,Romance,Thriller"
440,4,0,"Comedy,Drama,Action"
441,1,0,"Action,Thriller,Comedy"
442,3,0,"Drama,Thriller,Action"
443,4,1,"Drama,Action,Thriller"
444,1,0,"Drama,Thriller,Action"
445,5,0,"Drama,Thriller,Crime"
446,2,0,"Drama,Thriller,Action"
447,1,0,"Drama,Comedy,Thriller"
448,1,0,"Drama,Comedy,Thriller"
449,3,1,"Drama,Comedy,Romance"
450,0,0,"Thriller,Drama,Comedy"
451,3,0,"Drama,Comedy,Action"
452,1,0,"Drama,Comedy,Action"
453,5,0,"Drama,Romance,Comedy"
454,4,0,"Drama,Action,Thriller"
455,1,0,"Drama,Comedy,Action"
456,2,1,"Drama,Comedy,Action"
457,4,0,"Drama,Comedy,Thriller"
458,1,0,"Action,Drama,Thriller"
459,3,1,"Drama,Romance,Crime"
460,0,0,"Drama,Comedy,Sci-Fi"
461,1,1,"Drama,Thriller,Action"
462,4,1,"Drama,Comedy,Romance"
463,5,0,"Thriller,Action,Drama"
464,2,0,"Drama,Comedy,Romance"
465,1,0,"Action,Thriller,Drama"
466,2,0,"Drama,Comedy,Action"
467,2,0,"Drama,Comedy,Romance"
468,5,0,"Drama,Romance,Comedy"
469,1,0,"Drama,Comedy,Romance"
470,0,0,"Children's,Comedy,Animation"
471,1,0,"Action,Comedy,Thriller"
472,2,0,"Drama,Romance,Comedy"
473,4,0,"Drama,Comedy,Thriller"
474,2,0,"Drama,Comedy,Romance"
475,2,0,"Comedy,Romance,Action"
476,1,1,"Romance,Comedy,Drama"
477,2,0,"Comedy,Drama,Romance"
478,2,0,"Action,Drama,Comedy"
479,5,0,"Drama,Thriller,Action"
480,5,0,"Comedy,Romance,Drama"
481,1,1,"Action,Comedy,Thriller"
482,2,0,"Action,Drama,Sci-Fi"
483,2,0,"Action,Comedy,Drama"
484,3,1,"Drama,Comedy,Thriller"
485,3,0,"Drama,Comedy,Thriller"
486,1,0,"Drama,Action,Thriller"
487,4,0,"Drama,Action,Thriller"
488,5,0,"Thriller,Drama,Action"
489,2,1,"Drama,Comedy,Action"
490,3,1,"Drama,Thriller,Comedy"
491,5,0,"Drama,War,Comedy"
492,1,0,"Action,Drama,Thriller"
493,3,1,"Drama,Action,Comedy"
494,2,0,"Action,Comedy,Drama"
495,1,1,"Drama,Action,Thriller"
496,1,0,"Action,Comedy,Thriller"
497,2,0,"Drama,Thriller,Comedy"
498,3,0,"Drama,Comedy,War"
499,2,0,"Drama,Comedy,Romance"
500,1,0,"Drama,Comedy,Action"
501,1,0,"Thriller,Action,Comedy"
502,4,1,"Drama,Romance,Comedy"
503,3,1,"Drama,Comedy,Thriller"
504,2,1,"Drama,Action,Thriller"
505,4,0,"Comedy,Action,Drama"
506,1,1,"Action,Thriller,Adventure"
507,2,0,"Comedy,Drama,Action"
508,1,0,"Action,Thriller,War"
509,2,0,"Drama,Thriller,Action"
510,1,0,"Thriller,Drama,Action"
511,2,0,"Drama,Thriller,Action"
512,3,0,"Action,Adventure,Thriller"
513,2,0,"Drama,Comedy,Romance"
514,4,0,"Drama,Thriller,Action"
515,4,1,"Drama,War,Sci-Fi"
516,1,0,"Action,Romance,Thriller"
517,4,1,"Drama,Thriller,Comedy"
518,1,0,"Drama,Thriller,Action"
519,5,0,"Drama,Comedy,Thriller"
520,1,0,"Action,Comedy,Thriller"
521,3,0,"Drama,Thriller,Comedy"
522,4,1,"Comedy,Drama,Romance"
523,5,0,"Drama,Comedy,Thriller"
524,2,1,"Drama,Action,Comedy"
525,2,0,"Drama,Thriller,Action"
526,2,0,"Drama,Comedy,Thriller"
527,1,0,"Comedy,Action,Drama"
528,4,1,"Thriller,Drama,Action"
529,2,0,"Drama,Romance,Comedy"
530,2,1,"Drama,Thriller,Romance"
531,1,0,"Drama,Action,Comedy"
532,3,0,"Drama,Comedy,Action"
533,1,0,"Thriller,Comedy,Drama"
534,4,1,"Drama,Comedy,Romance"
535,3,0,"Drama,Action,Adventure"
536,3,0,"Drama,Comedy,Romance"
537,2,0,"Drama,Action,Thriller"
538,4,1,"Drama,Comedy,Romance"
539,2,0,"Drama,Action,Comedy"
540,1,1,"Comedy,Children's,Adventure"
541,1,0,"Comedy,Drama,Action"
542,2,0,"Drama,Action,Thriller"
543,3,1,"Drama,Thriller,Action"
544,2,0,"Action,Adventure,Comedy"
545,3,0,"Action,Thriller,Horror"
546,4,0,"Drama,Comedy,Thriller"
547,4,0,"Thriller,Drama,Action"
548,3,0,"Action,Drama,Adventure"
549,0,1,"Action,Romance,Adventure"
550,2,0,"Drama,Action,Thriller"
551,4,0,"Comedy,Drama,Action"
552,5,0,"Drama,Comedy,Romance"
553,2,0,"Drama,Action,Comedy"
554,2,1,"Comedy,Thriller,Action"
555,3,1,"Drama,Comedy,Thriller"
556,2,1,"Drama,Thriller,Action"
557,5,1,"Drama,Romance,Comedy"
558,5,0,"Drama,Comedy,Action"
559,2,0,"Drama,Comedy,Action"
560,1,0,"Drama,Comedy,Action"
561,4,1,"Drama,Action,Romance"
562,3,1,"Comedy,Action,Adventure"
563,5,0,"Action,Thriller,Drama"
564,3,0,"Drama,Comedy,Romance"
565,1,0,"Drama,Comedy,Action"
566,1,0,"Drama,Thriller,Comedy"
567,3,0,"Drama,Comedy,Romance"
568,2,0,"Drama,Comedy,Thriller"
569,2,0,"Drama,Thriller,War"
570,2,0,"Drama,Comedy,Mystery"
571,4,0,"Drama,Comedy,Romance"
572,5,0,"Drama,War,Thriller"
573,5,0,"Drama,Thriller,Comedy"
574,2,0,"Drama,Thriller,Action"
575,4,0,"Drama,Comedy,Romance"
576,3,1,"Drama,Comedy,Action"
577,2,0,"Action,Thriller,Drama"
578,2,0,"Comedy,Romance,Drama"
579,0,0,"Action,Sci-Fi,Thriller"
580,3,0,"Drama,Romance,Action"
581,0,0,"Drama,Action,Sci-Fi"
582,3,0,"Drama,Thriller,Romance"
583,2,0,"Action,Sci-Fi,Adventure"
584,5,0,"Drama,Romance,Comedy"
585,1,0,"Action,Thriller,Drama"
586,2,0,"Drama,Thriller,Comedy"
587,1,1,"Drama,Comedy,Romance"
588,1,0,"Thriller,Drama,Action"
589,4,0,"Drama,Romance,Comedy"
590,5,1,"Comedy,Drama,Romance"
591,1,0,"Drama,Comedy,Thriller"
592,2,1,"Drama,Romance,Comedy"
593,4,0,"Drama,War,Romance"
594,2,0,"Drama,Comedy,Romance"
595,1,0,"Action,Thriller,Romance"
596,1,0,"Action,Comedy,Thriller"
597,3,1,"Drama,Action,Thriller"
598,1,1,"Romance,Comedy,Drama"
599,2,0,"Action,Adventure,Sci-Fi"
600,1,1,"Drama,Comedy,Action"
601,4,1,"Action,Adventure,Drama"
602,1,0,"Action,Sci-Fi,Adventure"
603,3,0,"Horror,Thriller,Drama"
604,2,0,"Drama,Thriller,Action"
605,2,0,"Drama,Action,Comedy"
606,4,1,"Drama,Romance,War"
607,1,0,"Drama,Romance,Comedy"
608,0,1,"Drama,Comedy,Romance"
609,1,0,"Drama,Thriller,Romance"
610,4,0,"Drama,Thriller,Romance"
611,3,0,"Comedy,Drama,Thriller"
612,3,1,"Drama,Action,Comedy"
613,4,0,"Drama,Comedy,Action"
614,3,0,"Drama,Comedy,Romance"
615,5,0,"Drama,Thriller,Action"
616,2,1,"Horror,Drama,Thriller"
617,0,1,"Drama,Action,Romance"
618,0,0,"Action,Thriller,Adventure"
619,1,1,"Children's,Comedy,Adventure"
620,0,0,"Action,Comedy,Drama"
621,2,0,"Action,Comedy,Drama"
622,4,1,"Comedy,Romance,Action"
623,1,0,"Drama,Comedy,Thriller"
624,2,0,"Drama,Comedy,Action"
625,1,0,"Drama,Thriller,Romance"
626,1,0,"Drama,Action,Thriller"
627,0,0,"Drama,Thriller,Comedy"
628,4,1,"Drama,Action,Thriller"
629,2,1,"Comedy,Drama,Thriller"
630,1,1,"Drama,Thriller,Romance"
631,1,0,"Drama,Action,Comedy"
632,3,0,"Action,Thriller,Drama"
633,3,0,"Drama,Comedy,Thriller"
634,1,0,"Thriller,Drama,Romance"
635,4,0,"Drama,Action,Sci-Fi"
636,2,0,"Drama,Comedy,Romance"
637,4,0,"Action,Adventure,Sci-Fi"
638,3,1,"Drama,Romance,Comedy"
639,1,0,"Comedy,Action,Drama"
640,1,0,"Drama,Comedy,Thriller"
641,1,1,"Comedy,Drama,Children's"
642,3,0,"Comedy,Drama,Action"
643,4,0,"Action,Thriller,Drama"
644,2,0,"Drama,Comedy,Romance"
645,0,1,"Drama,Thriller,Comedy"
646,3,0,"Action,Drama,Comedy"
647,3,0,"Action,Comedy,Drama"
648,1,0,"Action,Adventure,Thriller"
649,3,0,"Drama,Comedy,Action"
650,5,0,"Drama,Comedy,Crime"
651,3,0,"Thriller,Action,Drama"
652,2,0,"Drama,Action,Comedy"
653,2,1,"Drama,Comedy,Action"
654,4,1,"Drama,Comedy,Thriller"
655,4,0,"Drama,Comedy,Thriller"
656,2,1,"Drama,Comedy,Crime"
657,2,0,"Drama,Comedy,Thriller"
658,2,0,"Drama,Comedy,Romance"
659,2,0,"Action,Comedy,Drama"
660,2,0,"Drama,Action,Comedy"
661,5,0,"Drama,Romance,Comedy"
662,2,0,"Drama,Thriller,Comedy"
663,2,0,"Drama,Comedy,Thriller"
664,2,0,"Drama,Comedy,Action"
665,3,0,"Drama,Comedy,Thriller"
666,3,0,"Drama,Comedy,Romance"
667,2,1,"Drama,Action,Thriller"
668,3,0,"Drama,Comedy,Thriller"
669,2,0,"Drama,Thriller,Action"
670,1,0,"Action,Thriller,Adventure"
671,4,1,"Comedy,Drama,Romance"
672,4,0,"Drama,Thriller,Comedy"
673,0,1,"Action,Comedy,Drama"
674,2,0,"Drama,Comedy,Romance"
675,2,0,"Action,Drama,Comedy"
676,1,0,"Drama,Thriller,Comedy"
677,4,0,"Drama,Action,Thriller"
678,1,1,"Drama,Comedy,Romance"
679,2,0,"Drama,Comedy,Romance"
680,3,1,"Drama,Romance,Children's"
681,1,0,"Drama,Comedy,Action"
682,3,0,"Drama,Thriller,Crime"
683,2,0,"Comedy,Romance,Drama"
684,2,1,"Drama,Thriller,Romance"
685,2,0,"Drama,Action,Comedy"
686,2,1,"Thriller,Romance,Drama"
687,3,1,"Thriller,Drama,Crime"
688,2,0,"Action,Sci-Fi,Thriller"
689,3,0,"Comedy,Drama,Thriller"
690,2,0,"Drama,Comedy,Romance"
691,2,0,"Comedy,Drama,Romance"
692,3,1,"Drama,Thriller,Action"
693,5,0,"Drama,Action,Comedy"
694,2,0,"Drama,Thriller,Romance"
695,5,0,"Drama,Thriller,Mystery"
696,2,0,"Drama,Thriller,Action"
697,2,1,"Drama,Comedy,Romance"
698,3,0,"Drama,Thriller,Comedy"
699,0,0,"Action,Drama,Romance"
700,4,1,"Drama,Romance,Action"
701,3,0,"Action,Sci-Fi,Adventure"
702,2,0,"Drama,Action,Comedy"
703,4,1,"Drama,Comedy,Romance"
704,1,1,"Action,Adventure,Comedy"
705,1,0,"Drama,Action,Thriller"
706,5,1,"Drama,Comedy,Romance"
707,2,1,"Drama,Comedy,Romance"
708,1,0,"Action,Drama,Thriller"
709,1,0,"Drama,Thriller,Action"
710,1,1,"Drama,Comedy,Romance"
711,1,1,"Comedy,Drama,Romance"
712,3,1,"Drama,Thriller,Comedy"
713,2,0,"Action,Thriller,Adventure"
714,1,0,"Action,Comedy,Drama"
715,3,1,"Drama,Comedy,Romance"
716,1,0,"Drama,Thriller,Action"
717,3,0,"Action,Thriller,Drama"
718,3,1,"Drama,Thriller,Comedy"
719,4,1,"Drama,Romance,Comedy"
720,1,1,"Drama,Action,Comedy"
721,4,1,"Thriller,Drama,Comedy"
722,2,0,"Drama,Action,Comedy"
723,2,0,"Drama,Thriller,Comedy"
724,1,0,"Thriller,Drama,Action"
725,2,1,"Comedy,Drama,Action"
726,2,0,"Action,Comedy,Drama"
727,5,0,"Drama,Thriller,Action"
728,1,0,"Thriller,Action,Romance"
729,2,1,"Drama,Comedy,Romance"
730,3,1,"Drama,Romance,Comedy"
731,2,1,"Drama,Comedy,Thriller"
732,3,1,"Drama,Romance,Comedy"
733,2,1,"Drama,Romance,Action"
734,2,1,"Drama,Comedy,Thriller"
735,4,1,"Drama,Romance,Action"
736,2,0,"Drama,Action,Sci-Fi"
737,3,0,"Action,Sci-Fi,Drama"
738,3,0,"Drama,Thriller,Action"
739,2,1,"Thriller,Drama,Comedy"
740,2,0,"Drama,Comedy,Romance"
741,3,0,"Drama,Action,Comedy"
742,2,0,"Drama,Thriller,Action"
743,3,0,"Drama,Thriller,Crime"
744,3,0,"Drama,Action,Thriller"
745,2,0,"Action,Adventure,Thriller"
746,1,0,"Drama,Comedy,Romance"
747,2,0,"Drama,Action,Comedy"
748,2,0,"Action,Drama,Comedy"
749,2,0,"Thriller,Drama,Action"
750,1,1,"Comedy,Drama,Action"
751,5,0,"Drama,Thriller,Comedy"
752,5,0,"Drama,Action,Comedy"
753,5,1,"Drama,Thriller,Action"
754,3,1,"Drama,Thriller,Action"
755,2,1,"Action,Drama,Thriller"
756,2,0,"Action,Thriller,Sci-Fi"
757,2,0,"Drama,Comedy,Action"
758,1,1,"Action,Thriller,Adventure"
759,3,1,"Romance,Comedy,Drama"
760,0,0,"Drama,Action,Thriller"
761,2,0,"Romance,Drama,Comedy"
762,2,0,"Drama,Comedy,Romance"
763,2,1,"Drama,Comedy,Thriller"
764,2,0,"Drama,Comedy,Romance"
765,3,0,"Drama,Comedy,Action"
766,5,0,"Drama,Comedy,Action"
767,2,0,"Drama,Comedy,Romance"
768,3,0,"Comedy,Action,Romance"
769,2,0,"Drama,Thriller,Action"
770,2,0,"Comedy,Romance,Drama"
771,4,0,"Thriller,Drama,Action"
772,1,0,"Drama,Comedy,Action"
773,2,0,"Action,Drama,Comedy"
774,4,0,"Drama,Thriller,Crime"
775,2,0,"Drama,Horror,Action"
776,5,0,"Drama,Comedy,War"
777,2,0,"Drama,Action,Comedy"
778,2,0,"Comedy,Action,Sci-Fi"
779,4,0,"Drama,Action,Romance"
780,1,0,"Drama,Action,War"
781,1,1,"Drama,Comedy,Thriller"
782,2,0,"Drama,Thriller,Action"
783,4,0,"Drama,Thriller,Action"
784,2,0,"Comedy,Action,Thriller"
785,3,1,"Drama,Action,Comedy"
786,1,1,"Drama,Thriller,Romance"
787,4,0,"Drama,Action,Thriller"
788,2,0,"Drama,Comedy,Romance"
789,2,0,"Comedy,Action,Drama"
790,2,0,"Drama,Thriller,Romance"
791,3,0,"Drama,Thriller,Action"
792,1,0,"Drama,Action,Thriller"
793,2,0,"Drama,Comedy,Action"
794,2,0,"Comedy,Action,Adventure"
795,2,1,"Drama,Comedy,Action"
796,3,1,"Comedy,Action,Romance"
797,3,1,"Comedy,Adventure,Action"
798,4,1,"Drama,Romance,Action"
799,2,0,"Action,Drama,Adventure"
800,1,0,"Thriller,Action,Drama"
801,3,0,"Horror,Thriller,Action"
802,5,0,"Drama,Thriller,Comedy"
803,3,0,"Action,Comedy,Drama"
804,2,1,"Comedy,Drama,Action"
805,2,0,"Drama,Comedy,Action"
806,3,1,"Action,Adventure,Children's"
807,4,0,"Drama,Thriller,Romance"
808,4,1,"Thriller,Drama,Mystery"
809,5,1,"Comedy,Action,Thriller"
810,3,1,"Drama,Thriller,Comedy"
811,1,0,"Thriller,Action,Drama"
812,0,1,"Action,Drama,Thriller"
813,2,0,"Horror,Thriller,Action"
814,2,0,"Drama,Comedy,Action"
815,2,0,"Thriller,Action,Drama"
816,1,0,"Action,Thriller,Drama"
817,2,0,"Drama,Thriller,Action"
818,5,0,"Drama,Comedy,Romance"
819,1,0,"Thriller,Drama,Action"
820,3,0,"Drama,Comedy,Action"
821,2,1,"Comedy,Animation,Children's"
822,2,0,"Drama,Comedy,Action"
823,2,0,"Drama,Thriller,Comedy"
824,3,0,"Thriller,Action,Drama"
825,2,0,"Action,Adventure,Sci-Fi"
826,1,1,"Drama,Thriller,Action"
827,2,0,"Drama,Romance,Comedy"
828,4,0,"Drama,Romance,Comedy"
829,4,0,"Action,Drama,Comedy"
830,1,0,"Drama,Thriller,Action"
831,1,0,"Action,Thriller,Drama"
832,2,0,"Drama,Thriller,Action"
833,2,0,"Drama,Action,Romance"
834,3,1,"Drama,Romance,Action"
835,3,0,"Drama,Comedy,Thriller"
836,3,1,"Drama,Romance,Comedy"
837,1,0,"Drama,Comedy,Action"
838,3,1,"Drama,Action,Romance"
839,3,0,"Drama,Comedy,Romance"
840,4,0,"Thriller,Drama,Action"
841,3,0,"Drama,Thriller,Romance"
842,3,0,"Action,Drama,Sci-Fi"
843,1,0,"Action,Romance,Drama"
844,5,0,"Drama,Romance,Comedy"
845,2,0,"Drama,Comedy,Action"
846,2,0,"Comedy,Drama,Action"
847,4,0,"Drama,Comedy,Romance"
848,0,1,"Drama,Action,Romance"
849,2,0,"Comedy,Action,Romance"
850,1,0,"Drama,Action,Thriller"
851,4,0,"Action,Thriller,Comedy"
852,4,0,"Thriller,Drama,Action"
853,2,1,"Drama,Comedy,Thriller"
854,4,0,"Drama,Romance,Comedy"
855,3,1,"Drama,Thriller,Action"
856,3,1,"Drama,Comedy,Romance"
857,5,0,"Drama,Thriller,Crime"
858,1,1,"Drama,Comedy,Romance"
859,5,1,"Drama,Comedy,Romance"
860,3,1,"Drama,Romance,Comedy"
861,2,0,"Drama,Action,Thriller"
862,0,0,"Drama,Thriller,Romance"
863,2,0,"Drama,Comedy,Action"
864,2,0,"Drama,Comedy,Action"
865,4,0,"Drama,Comedy,Romance"
866,1,0,"Drama,Action,Thriller"
867,1,0,"Drama,Comedy,Action"
868,2,0,"Drama,Comedy,Romance"
869,1,0,"Drama,Comedy,Thriller"
870,2,0,"Drama,Action,Romance"
871,1,1,"Comedy,Thriller,Drama"
872,4,1,"Drama,Action,Thriller"
873,3,0,"Drama,Romance,Thriller"
874,1,1,"Drama,Thriller,Comedy"
875,3,0,"Drama,Comedy,War"
876,2,0,"Drama,Romance,Comedy"
877,4,1,"Drama,Romance,Comedy"
878,2,1,"Action,Romance,Comedy"
879,0,0,"Comedy,Drama,Action"
880,3,0,"Drama,Comedy,Action"
881,3,0,"Drama,Action,Comedy"
882,4,0,"Drama,Comedy,Romance"
883,3,0,"Drama,Romance,Comedy"
884,2,1,"Comedy,Drama,Romance"
885,1,0,"Drama,Action,Comedy"
886,0,1,"Comedy,Drama,Adventure"
887,3,0,"Romance,Comedy,Drama"
888,1,0,"Drama,Comedy,Action"
889,2,0,"Drama,Comedy,Action"
890,4,1,"Drama,Romance,Action"
891,3,0,"Drama,Comedy,Action"
892,2,0,"Action,Comedy,Romance"
893,4,0,"Drama,Romance,Thriller"
894,2,1,"Romance,Comedy,Action"
895,2,0,"Drama,Action,Comedy"
896,2,0,"Action,Comedy,Drama"
897,1,0,"Drama,Thriller,Action"
898,2,0,"Drama,Action,Comedy"
899,5,0,"Drama,Thriller,War"
900,3,0,"Comedy,Action,Adventure"
901,4,1,"Action,Drama,Thriller"
902,2,0,"Drama,Comedy,Thriller"
903,0,1,"Romance,Comedy,Drama"
904,2,0,"Drama,Thriller,Comedy"
905,4,0,"Drama,Thriller,Romance"
906,2,1,"Drama,Comedy,Romance"
907,3,1,"Drama,Thriller,Comedy"
908,4,1,"Drama,Romance,Comedy"
909,2,0,"Drama,Action,Thriller"
910,3,1,"Comedy,Drama,Romance"
911,4,0,"Drama,Comedy,Romance"
912,2,0,"Drama,Comedy,Action"
913,3,1,"Romance,Drama,Comedy"
914,4,0,"Drama,Thriller,Romance"
915,2,0,"Drama,Comedy,Action"
916,1,1,"Drama,Romance,Comedy"
917,3,0,"Drama,Comedy,Romance"
918,2,0,"Drama,Comedy,Thriller"
919,2,1,"Drama,Thriller,Mystery"
920,1,1,"Comedy,Action,Adventure"
921,2,1,"Action,Comedy,Adventure"
922,1,0,"Drama,Thriller,Action"
923,2,0,"Drama,Action,Romance"
924,1,1,"Thriller,Horror,Drama"
925,4,0,"Drama,Thriller,Comedy"
926,1,0,"Comedy,Action,Adventure"
927,1,0,"Drama,Action,Comedy"
928,3,0,"Drama,Action,Thriller"
929,2,1,"Drama,Comedy,Action"
930,5,0,"Drama,Action,Romance"
931,5,0,"Drama,Comedy,Action"
932,2,0,"Drama,Action,Comedy"
933,5,0,"Drama,Comedy,Action"
934,3,0,"Drama,Action,Romance"
935,1,0,"Drama,Comedy,Romance"
936,4,0,"Drama,Comedy,Romance"
937,3,1,"Comedy,Action,Drama"
938,2,1,"Drama,Action,Comedy"
939,2,0,"Drama,Comedy,Romance"
940,1,0,"Action,Sci-Fi,Comedy"
941,4,1,"Drama,Comedy,Thriller"
942,1,0,"Action,Drama,Comedy"
